2025-12-13,12288,Local Tailoring,Pune Rural
2025-04-08,2349,Organic Produce,Pune Rural
2025-05-24,14222,Street Food,Mumbai Suburban
2024-07-03,3766,Street Food,Chennai Central
2024-10-22,3986,Local Tailoring,Mumbai Suburban
2024-06-21,4471,Local Tailoring,Bangalore South
2025-09-26,6137,Local Tailoring,Mumbai Suburban
2024-06-10,8362,Organic Produce,Pune Rural
2025-09-20,6700,Organic Produce,Bangalore South
2025-10-25,9758,Handmade Crafts,Delhi Old City
2024-08-06,13503,Street Food,Mumbai Suburban
2024-03-19,11726,Kirana Store,Mumbai Suburban
2024-06-12,4212,Street Food,Chennai Central
2024-10-30,6013,Local Tailoring,Bangalore South
2025-11-22,6430,Handmade Crafts,Bangalore South
2024-02-16,8797,Organic Produce,Pune Rural
2025-08-09,14904,Street Food,Pune Rural
2024-11-19,3667,Organic Produce,Delhi Old City
2024-09-09,12169,Local Tailoring,Delhi Old City
2025-02-22,5241,Handmade Crafts,Bangalore South
2025-08-26,7693,Organic Produce,Chennai Central
2024-11-14,9789,Handmade Crafts,Delhi Old City
2025-01-03,7406,Street Food,Delhi Old City
2025-05-30,3971,Handmade Crafts,Bangalore South
2024-07-08,6099,Organic Produce,Mumbai Suburban
2025-05-22,7114,Local Tailoring,Pune Rural
2025-04-01,3032,Organic Produce,Pune Rural
2025-02-02,11321,Kirana Store,Pune Rural
2024-08-01,8835,Kirana Store,Chennai Central
2024-04-02,770,Local Tailoring,Bangalore South
2024-03-14,1595,Handmade Crafts,Delhi Old City
2025-01-04,11312,Handmade Crafts,Mumbai Suburban
2024-07-18,4909,Kirana Store,Delhi Old City
2026-01-02,13416,Street Food,Mumbai Suburban
2024-01-22,10983,Street Food,Chennai Central
2024-06-11,4059,Street Food,Delhi Old City
2024-12-15,740,Kirana Store,Pune Rural
2025-04-23,11202,Organic Produce,Delhi Old City
2024-10-24,5642,Organic Produce,Delhi Old City
2025-12-13,2419,Local Tailoring,Mumbai Suburban
2025-04-18,14386,Local Tailoring,Delhi Old City
2025-07-15,8902,Local Tailoring,Bangalore South
2025-08-29,4012,Street Food,Pune Rural
2024-07-13,8363,Street Food,Mumbai Suburban
2024-11-24,13420,Organic Produce,Delhi Old City
2024-09-13,4159,Street Food,Chennai Central
2024-12-10,12157,Local Tailoring,Mumbai Suburban
2024-11-15,12300,Street Food,Mumbai Suburban
2025-09-05,13224,Local Tailoring,Delhi Old City
2025-01-05,10533,Organic Produce,Mumbai Suburban
2025-07-04,12643,Organic Produce,Pune Rural
2024-07-04,1789,Street Food,Chennai Central
2025-05-02,5864,Kirana Store,Bangalore South
2024-11-02,13048,Kirana Store,Pune Rural
2025-11-02,1172,Organic Produce,Pune Rural
2024-04-19,14459,Local Tailoring,Mumbai Suburban
2024-04-13,5993,Organic Produce,Chennai Central
2024-12-11,3632,Local Tailoring,Chennai Central
2025-12-12,3036,Handmade Crafts,Mumbai Suburban
2024-11-04,4479,Street Food,Bangalore South
2024-06-10,4853,Handmade Crafts,Pune Rural
2024-11-30,4233,Handmade Crafts,Pune Rural
2025-11-29,9461,Street Food,Delhi Old City
2026-01-07,5689,Handmade Crafts,Chennai Central
2025-10-08,11738,Local Tailoring,Mumbai Suburban
2025-09-16,7746,Street Food,Chennai Central
2024-06-07,13032,Kirana Store,Chennai Central
2025-02-07,1288,Street Food,Delhi Old City
2024-03-20,3373,Street Food,Delhi Old City
2025-03-01,7147,Organic Produce,Delhi Old City
2024-10-26,9854,Street Food,Bangalore South
2025-01-05,4090,Organic Produce,Pune Rural
2024-03-08,10560,Organic Produce,Delhi Old City
2026-01-06,12572,Kirana Store,Mumbai Suburban
2024-05-31,3644,Organic Produce,Chennai Central
2025-01-21,10199,Local Tailoring,Delhi Old City
2024-11-09,3416,Kirana Store,Delhi Old City
2024-11-22,11994,Organic Produce,Chennai Central
2025-12-10,6648,Kirana Store,Pune Rural
2025-06-16,13103,Organic Produce,Mumbai Suburban
2024-06-16,11693,Handmade Crafts,Chennai Central
2025-02-04,13758,Organic Produce,Bangalore South
2024-12-22,7059,Organic Produce,Chennai Central
2025-10-14,11017,Organic Produce,Chennai Central
2024-06-04,14773,Street Food,Pune Rural
2025-02-01,6733,Local Tailoring,Chennai Central
2025-01-25,1983,Kirana Store,Bangalore South
2025-12-12,10818,Organic Produce,Mumbai Suburban
2025-02-03,1373,Kirana Store,Bangalore South
2025-09-28,1815,Kirana Store,Chennai Central
2024-03-28,7556,Organic Produce,Pune Rural
2025-11-22,12308,Street Food,Chennai Central
2024-12-22,11188,Local Tailoring,Mumbai Suburban
2025-02-23,7027,Street Food,Mumbai Suburban
2025-10-19,6508,Local Tailoring,Mumbai Suburban
2025-06-16,10404,Organic Produce,Bangalore South
2025-05-07,11404,Local Tailoring,Chennai Central
2024-11-25,2259,Kirana Store,Bangalore South
2025-02-17,5620,Organic Produce,Pune Rural
2024-01-26,1785,Street Food,Pune Rural
2025-11-30,3264,Kirana Store,Pune Rural
2024-06-26,10814,Kirana Store,Chennai Central
2024-11-17,11128,Street Food,Chennai Central
2024-08-13,8469,Kirana Store,Delhi Old City
2025-10-04,2952,Handmade Crafts,Bangalore South
2025-02-27,5411,Street Food,Mumbai Suburban
2025-10-20,14245,Handmade Crafts,Delhi Old City
2024-08-05,13714,Kirana Store,Chennai Central
2025-08-14,656,Local Tailoring,Chennai Central
2024-04-07,12147,Kirana Store,Bangalore South
2025-11-14,5864,Kirana Store,Chennai Central
2024-12-05,14653,Street Food,Chennai Central
2025-09-17,12117,Handmade Crafts,Chennai Central
2025-03-11,8302,Local Tailoring,Bangalore South
2024-12-07,14944,Organic Produce,Delhi Old City
2025-12-12,3584,Kirana Store,Bangalore South
2024-05-07,1494,Handmade Crafts,Delhi Old City
2025-02-04,14182,Local Tailoring,Delhi Old City
2024-08-11,10976,Organic Produce,Delhi Old City
2025-08-08,4942,Organic Produce,Chennai Central
2025-09-16,8465,Handmade Crafts,Chennai Central
2024-04-22,5591,Handmade Crafts,Mumbai Suburban
2024-01-11,578,Organic Produce,Delhi Old City
2025-06-25,1005,Local Tailoring,Delhi Old City
2025-12-13,14622,Street Food,Chennai Central
2025-07-10,5962,Handmade Crafts,Delhi Old City
2024-10-10,13583,Handmade Crafts,Chennai Central
2024-05-19,9247,Handmade Crafts,Mumbai Suburban
2024-07-29,2148,Street Food,Chennai Central
2024-02-17,6002,Street Food,Delhi Old City
2025-07-03,11793,Kirana Store,Bangalore South
2024-04-15,5190,Organic Produce,Delhi Old City
2025-01-03,3734,Street Food,Mumbai Suburban
2025-07-26,7109,Handmade Crafts,Pune Rural
2024-04-06,9712,Local Tailoring,Mumbai Suburban
2025-12-08,11941,Handmade Crafts,Mumbai Suburban
2025-11-24,1717,Street Food,Pune Rural
2024-03-29,9348,Organic Produce,Bangalore South
2025-07-28,2097,Local Tailoring,Pune Rural
2025-08-30,5818,Kirana Store,Mumbai Suburban
2025-08-15,5260,Handmade Crafts,Delhi Old City
2025-10-10,9998,Organic Produce,Delhi Old City
2024-05-09,13913,Street Food,Bangalore South
2025-05-26,2611,Handmade Crafts,Pune Rural
2024-09-13,11460,Kirana Store,Delhi Old City
2024-05-30,11400,Local Tailoring,Bangalore South
2024-11-22,2933,Handmade Crafts,Delhi Old City
2024-03-07,6161,Local Tailoring,Pune Rural
2025-10-01,5564,Street Food,Delhi Old City
2024-05-26,7427,Kirana Store,Pune Rural
2024-11-13,807,Kirana Store,Pune Rural
2025-10-15,4047,Local Tailoring,Chennai Central
2024-11-30,14347,Kirana Store,Chennai Central
2025-06-03,6315,Local Tailoring,Bangalore South
2025-08-07,7544,Kirana Store,Mumbai Suburban
2024-05-11,1465,Kirana Store,Mumbai Suburban
2024-03-15,7785,Kirana Store,Bangalore South
2025-02-15,609,Organic Produce,Delhi Old City
2024-09-20,13286,Handmade Crafts,Delhi Old City
2024-02-15,2025,Street Food,Bangalore South
2024-12-31,10047,Street Food,Delhi Old City
2025-05-31,2710,Kirana Store,Mumbai Suburban
2024-11-20,9072,Kirana Store,Delhi Old City
2024-03-02,12822,Kirana Store,Pune Rural
2026-01-05,2597,Kirana Store,Bangalore South
2024-02-23,5644,Street Food,Pune Rural
2025-06-19,11474,Kirana Store,Chennai Central
2025-03-16,13289,Organic Produce,Chennai Central
2024-02-11,12826,Organic Produce,Mumbai Suburban
2024-04-07,5575,Street Food,Pune Rural
2024-12-16,7604,Kirana Store,Chennai Central
2024-06-29,6344,Organic Produce,Mumbai Suburban
2024-03-06,8196,Kirana Store,Pune Rural
2025-07-25,5852,Kirana Store,Bangalore South
2025-01-01,3495,Street Food,Mumbai Suburban
2024-06-16,4488,Local Tailoring,Mumbai Suburban
2025-12-06,2280,Organic Produce,Bangalore South
2025-09-17,7520,Organic Produce,Bangalore South
2025-12-20,4370,Handmade Crafts,Delhi Old City
2024-12-06,14875,Street Food,Chennai Central
2025-03-11,12392,Organic Produce,Chennai Central
2025-11-18,6973,Street Food,Chennai Central
2025-10-17,4492,Street Food,Mumbai Suburban
2024-06-18,8424,Local Tailoring,Bangalore South
2025-04-11,1689,Organic Produce,Chennai Central
2024-08-10,9158,Street Food,Chennai Central
2024-04-26,6355,Street Food,Delhi Old City
2025-08-06,14024,Kirana Store,Delhi Old City
2024-09-17,12204,Local Tailoring,Delhi Old City
2024-02-10,12371,Handmade Crafts,Mumbai Suburban
2024-10-11,8106,Kirana Store,Bangalore South
2025-05-11,5381,Local Tailoring,Chennai Central
2025-12-13,3179,Local Tailoring,Bangalore South
2024-04-30,7376,Local Tailoring,Delhi Old City
2024-06-17,13387,Organic Produce,Delhi Old City
2024-09-25,3046,Kirana Store,Mumbai Suburban
2025-03-31,3047,Handmade Crafts,Mumbai Suburban
2024-05-01,7558,Kirana Store,Chennai Central
2025-11-24,9723,Street Food,Bangalore South
2025-08-14,1163,Local Tailoring,Bangalore South
2025-01-09,8359,Local Tailoring,Bangalore South
2025-10-10,7563,Handmade Crafts,Delhi Old City
2025-02-04,5226,Street Food,Delhi Old City
2025-06-30,6207,Organic Produce,Chennai Central
2024-05-24,7362,Handmade Crafts,Chennai Central
2025-04-06,4005,Local Tailoring,Delhi Old City
2025-12-24,6394,Local Tailoring,Delhi Old City
2025-03-18,13867,Handmade Crafts,Chennai Central
2024-04-16,5831,Kirana Store,Delhi Old City
2024-08-30,6988,Local Tailoring,Pune Rural
2024-11-03,7643,Street Food,Pune Rural
2025-12-17,10162,Handmade Crafts,Delhi Old City
2024-01-31,14810,Street Food,Pune Rural
2024-09-17,5757,Street Food,Chennai Central
2026-01-06,13789,Kirana Store,Chennai Central
2025-08-26,2988,Street Food,Chennai Central
2024-03-16,10824,Handmade Crafts,Mumbai Suburban
2025-01-09,2658,Handmade Crafts,Mumbai Suburban
2025-06-20,1405,Kirana Store,Mumbai Suburban
2024-01-17,3953,Local Tailoring,Bangalore South
2025-02-08,14096,Local Tailoring,Mumbai Suburban
2025-06-30,10520,Kirana Store,Mumbai Suburban
2025-11-03,13516,Organic Produce,Pune Rural
2024-01-21,3883,Street Food,Pune Rural
2024-02-14,4119,Local Tailoring,Delhi Old City
2025-01-17,13789,Kirana Store,Delhi Old City
2025-06-22,14132,Kirana Store,Pune Rural
2024-07-13,4658,Local Tailoring,Bangalore South
2025-12-20,8832,Handmade Crafts,Delhi Old City
2025-04-02,7223,Handmade Crafts,Delhi Old City
2024-08-08,14892,Local Tailoring,Pune Rural
2025-06-05,1243,Kirana Store,Chennai Central
2024-07-05,7246,Organic Produce,Mumbai Suburban
2025-07-22,14319,Street Food,Mumbai Suburban
2025-09-27,1797,Handmade Crafts,Pune Rural
2024-12-26,13618,Organic Produce,Mumbai Suburban
2025-03-25,1314,Kirana Store,Delhi Old City
2025-02-15,6161,Kirana Store,Mumbai Suburban
2025-03-11,1266,Organic Produce,Bangalore South
2025-02-19,14758,Handmade Crafts,Bangalore South
2024-06-24,1564,Kirana Store,Bangalore South
2024-02-06,4515,Handmade Crafts,Pune Rural
2025-11-28,3188,Organic Produce,Delhi Old City
2025-02-07,2887,Kirana Store,Bangalore South
2025-06-21,14497,Local Tailoring,Delhi Old City
2024-01-31,4997,Street Food,Delhi Old City
2024-10-07,4648,Kirana Store,Bangalore South
2024-02-15,14546,Local Tailoring,Chennai Central
2025-11-10,10007,Organic Produce,Bangalore South
2025-03-16,4054,Street Food,Mumbai Suburban
2024-05-26,4708,Kirana Store,Pune Rural
2025-10-27,2614,Handmade Crafts,Bangalore South
2025-02-21,1285,Kirana Store,Mumbai Suburban
2025-03-25,7699,Handmade Crafts,Chennai Central
2025-02-09,11926,Street Food,Bangalore South
2024-12-26,2947,Kirana Store,Bangalore South
2025-03-19,3066,Local Tailoring,Delhi Old City
2025-08-09,7438,Street Food,Bangalore South
2024-11-27,583,Organic Produce,Bangalore South
2025-12-20,8759,Organic Produce,Pune Rural
2025-01-01,3925,Street Food,Bangalore South
2025-05-30,3393,Local Tailoring,Delhi Old City
2024-01-25,9735,Kirana Store,Mumbai Suburban
2025-08-30,13456,Street Food,Bangalore South
2024-08-03,13834,Handmade Crafts,Chennai Central
2024-10-30,6205,Street Food,Delhi Old City
2025-04-30,3643,Handmade Crafts,Pune Rural
2025-08-19,7391,Kirana Store,Bangalore South
2025-09-10,9352,Street Food,Chennai Central
2025-03-05,1916,Kirana Store,Delhi Old City
2024-10-01,7914,Handmade Crafts,Mumbai Suburban
2024-07-06,10516,Organic Produce,Mumbai Suburban
2025-03-05,6483,Local Tailoring,Mumbai Suburban
2025-06-25,11180,Local Tailoring,Chennai Central
2025-11-13,8770,Kirana Store,Pune Rural
2024-12-18,6859,Street Food,Mumbai Suburban
2024-11-26,13522,Handmade Crafts,Delhi Old City
2024-09-27,3914,Handmade Crafts,Bangalore South
2024-10-23,12219,Handmade Crafts,Delhi Old City
2024-07-05,8332,Handmade Crafts,Delhi Old City
2025-10-18,4560,Organic Produce,Mumbai Suburban
2024-09-05,10287,Local Tailoring,Mumbai Suburban
2025-01-06,10489,Handmade Crafts,Chennai Central
2025-01-30,10632,Handmade Crafts,Bangalore South
2024-10-31,12501,Handmade Crafts,Pune Rural
2024-12-24,13106,Local Tailoring,Chennai Central
2024-01-16,11155,Kirana Store,Delhi Old City
2024-02-22,1406,Kirana Store,Chennai Central
2025-04-26,14979,Handmade Crafts,Mumbai Suburban
2024-11-29,9853,Street Food,Pune Rural
2024-07-19,5962,Kirana Store,Delhi Old City
2025-06-05,7201,Street Food,Delhi Old City
2024-11-24,12272,Organic Produce,Chennai Central
2024-11-06,8632,Local Tailoring,Delhi Old City
2024-10-11,14156,Organic Produce,Chennai Central
2025-09-26,7654,Organic Produce,Pune Rural
2025-09-10,10186,Kirana Store,Chennai Central
2024-10-19,13902,Organic Produce,Pune Rural
2025-09-29,2991,Street Food,Chennai Central
2024-07-05,8903,Local Tailoring,Mumbai Suburban
2025-01-01,2204,Handmade Crafts,Delhi Old City
2025-02-18,2617,Local Tailoring,Mumbai Suburban
2025-05-24,6280,Local Tailoring,Pune Rural
2025-10-09,13002,Street Food,Mumbai Suburban
2025-11-23,698,Local Tailoring,Delhi Old City
2025-05-06,13819,Street Food,Chennai Central
2024-08-26,10782,Street Food,Bangalore South
2025-02-21,12076,Street Food,Mumbai Suburban
2024-05-14,3717,Street Food,Pune Rural
2024-06-12,9734,Kirana Store,Bangalore South
2024-02-06,7295,Kirana Store,Delhi Old City
2025-09-22,9929,Kirana Store,Chennai Central
2025-04-24,13114,Organic Produce,Chennai Central
2024-12-02,14802,Organic Produce,Delhi Old City
2024-10-19,7710,Local Tailoring,Chennai Central
2025-06-19,6662,Kirana Store,Bangalore South
2024-12-18,7413,Kirana Store,Bangalore South
2025-08-07,7161,Kirana Store,Bangalore South
2025-11-29,10125,Organic Produce,Pune Rural
2024-12-10,7331,Local Tailoring,Bangalore South
2024-05-14,12249,Local Tailoring,Bangalore South
2025-01-27,9416,Kirana Store,Delhi Old City
2024-02-20,2391,Street Food,Delhi Old City
2024-01-14,7772,Organic Produce,Delhi Old City
2025-11-04,13494,Street Food,Mumbai Suburban
2025-02-22,9692,Handmade Crafts,Delhi Old City
2025-06-15,1903,Local Tailoring,Delhi Old City
2024-12-05,9629,Local Tailoring,Delhi Old City
2025-06-22,7766,Local Tailoring,Chennai Central
2025-01-14,5096,Kirana Store,Delhi Old City
2024-05-05,6468,Organic Produce,Pune Rural
2025-07-14,9551,Street Food,Delhi Old City
2024-02-01,13458,Local Tailoring,Bangalore South
2024-01-10,3320,Kirana Store,Bangalore South
2025-09-21,6982,Local Tailoring,Mumbai Suburban
2024-03-27,10751,Kirana Store,Delhi Old City
2025-01-12,952,Handmade Crafts,Chennai Central
2025-06-21,5129,Kirana Store,Chennai Central
2024-03-19,9220,Kirana Store,Chennai Central
2025-03-07,1564,Organic Produce,Pune Rural
2024-07-24,5804,Local Tailoring,Delhi Old City
2024-06-05,15000,Organic Produce,Pune Rural
2024-12-16,910,Kirana Store,Chennai Central
2024-08-28,3717,Handmade Crafts,Bangalore South
2025-02-25,5799,Organic Produce,Mumbai Suburban
2024-06-09,14363,Local Tailoring,Bangalore South
2024-03-25,695,Local Tailoring,Mumbai Suburban
2025-11-11,8738,Handmade Crafts,Chennai Central
2025-10-26,1574,Kirana Store,Bangalore South
2024-09-09,6999,Handmade Crafts,Chennai Central
2025-07-23,13479,Street Food,Delhi Old City
2025-07-08,14513,Handmade Crafts,Mumbai Suburban
2024-06-22,12461,Organic Produce,Chennai Central
2025-03-05,3972,Street Food,Mumbai Suburban
2025-12-15,11607,Organic Produce,Chennai Central
2025-01-26,11264,Kirana Store,Mumbai Suburban
2024-07-04,9147,Local Tailoring,Bangalore South
2024-03-08,4211,Handmade Crafts,Delhi Old City
2025-08-17,4767,Street Food,Chennai Central
2025-01-14,2894,Local Tailoring,Mumbai Suburban
2025-04-12,3977,Kirana Store,Chennai Central
2024-12-26,6618,Organic Produce,Bangalore South
2024-06-29,4297,Handmade Crafts,Pune Rural
2025-03-21,14056,Organic Produce,Chennai Central
2024-11-23,4272,Street Food,Bangalore South
2025-05-29,11475,Kirana Store,Pune Rural
2025-05-25,14326,Organic Produce,Pune Rural
2025-09-28,12169,Street Food,Delhi Old City
2024-11-26,4954,Local Tailoring,Chennai Central
2025-10-24,12045,Street Food,Pune Rural
2025-09-04,13866,Street Food,Delhi Old City
2025-12-10,1171,Kirana Store,Delhi Old City
2025-10-22,3567,Handmade Crafts,Bangalore South
2025-11-10,12621,Kirana Store,Bangalore South
2025-12-29,8508,Handmade Crafts,Bangalore South
2025-03-02,8755,Local Tailoring,Mumbai Suburban
2024-03-16,6936,Kirana Store,Delhi Old City
2025-07-16,12254,Kirana Store,Mumbai Suburban
2025-08-07,2037,Organic Produce,Delhi Old City
2024-12-02,6415,Street Food,Mumbai Suburban
2025-12-07,3041,Handmade Crafts,Delhi Old City
2025-08-18,5718,Street Food,Chennai Central
2025-10-03,8038,Street Food,Pune Rural
2025-03-25,10132,Handmade Crafts,Mumbai Suburban
2025-10-08,11087,Handmade Crafts,Pune Rural
2025-07-24,12751,Organic Produce,Pune Rural
2025-05-20,13159,Kirana Store,Mumbai Suburban
2024-08-15,10696,Street Food,Chennai Central
2025-12-31,9080,Handmade Crafts,Mumbai Suburban
2024-11-27,6025,Organic Produce,Delhi Old City
2025-02-20,8867,Local Tailoring,Bangalore South
2024-03-01,6266,Organic Produce,Chennai Central
2024-04-22,9520,Organic Produce,Bangalore South
2024-12-20,3495,Organic Produce,Chennai Central
2024-11-27,11217,Kirana Store,Pune Rural
2025-09-11,815,Handmade Crafts,Delhi Old City
2025-04-24,13571,Street Food,Chennai Central
2024-06-15,8705,Handmade Crafts,Mumbai Suburban
2025-01-29,810,Local Tailoring,Mumbai Suburban
2024-03-21,5244,Handmade Crafts,Delhi Old City
2025-07-27,13186,Organic Produce,Delhi Old City
2024-06-18,2570,Kirana Store,Delhi Old City
2024-01-16,1908,Street Food,Chennai Central
2025-11-10,1126,Handmade Crafts,Mumbai Suburban
2025-12-27,12184,Kirana Store,Mumbai Suburban
2025-05-18,14773,Local Tailoring,Mumbai Suburban
2025-06-27,13191,Handmade Crafts,Pune Rural
2024-07-09,3641,Kirana Store,Mumbai Suburban
2024-10-25,14704,Handmade Crafts,Pune Rural
2025-11-07,14395,Street Food,Pune Rural
2025-05-25,12210,Kirana Store,Delhi Old City
2025-07-17,3007,Organic Produce,Delhi Old City
2025-09-16,14194,Street Food,Chennai Central
2024-10-17,13414,Local Tailoring,Chennai Central
2025-03-15,11726,Local Tailoring,Chennai Central
2024-06-06,14957,Organic Produce,Bangalore South
2024-09-26,5389,Organic Produce,Bangalore South
2024-09-27,8690,Street Food,Mumbai Suburban
2025-05-16,2301,Kirana Store,Bangalore South
2026-01-06,2461,Street Food,Mumbai Suburban
2024-04-19,2666,Handmade Crafts,Chennai Central
2024-01-29,12743,Handmade Crafts,Bangalore South
2024-10-15,5383,Local Tailoring,Chennai Central
2024-05-13,1989,Handmade Crafts,Bangalore South
2024-06-29,7773,Organic Produce,Mumbai Suburban
2024-03-22,13146,Organic Produce,Delhi Old City
2025-03-05,4897,Kirana Store,Bangalore South
2025-05-15,6051,Local Tailoring,Bangalore South
2025-12-26,11746,Street Food,Chennai Central
2025-05-04,14500,Street Food,Mumbai Suburban
2024-11-26,13457,Local Tailoring,Pune Rural
2025-01-24,6225,Street Food,Chennai Central
2024-02-26,8049,Kirana Store,Chennai Central
2025-01-24,14473,Street Food,Bangalore South
2024-01-14,4693,Kirana Store,Bangalore South
2025-11-25,8312,Street Food,Bangalore South
2025-06-13,14517,Street Food,Bangalore South
2024-04-08,2919,Street Food,Chennai Central
2025-09-02,4901,Street Food,Chennai Central
2025-01-11,12562,Organic Produce,Delhi Old City
2026-01-02,1795,Handmade Crafts,Bangalore South
2025-10-01,8115,Local Tailoring,Chennai Central
2025-02-11,6839,Local Tailoring,Pune Rural
2024-10-10,7901,Handmade Crafts,Pune Rural
2024-10-21,13985,Street Food,Mumbai Suburban
2024-05-20,5985,Handmade Crafts,Delhi Old City
2024-02-19,9317,Handmade Crafts,Pune Rural
2024-12-25,4083,Organic Produce,Mumbai Suburban
2024-05-18,886,Kirana Store,Bangalore South
2024-06-14,1809,Street Food,Mumbai Suburban
2025-05-03,11866,Kirana Store,Delhi Old City
2025-11-25,14424,Street Food,Mumbai Suburban
2026-01-07,4410,Kirana Store,Pune Rural
2024-06-02,9569,Local Tailoring,Mumbai Suburban
2024-05-21,12182,Street Food,Pune Rural
2026-01-02,8625,Local Tailoring,Delhi Old City
2024-12-02,8168,Organic Produce,Delhi Old City
2024-04-08,4824,Local Tailoring,Delhi Old City
2024-04-20,11441,Street Food,Delhi Old City
2024-05-25,11992,Kirana Store,Delhi Old City
2024-08-13,2544,Kirana Store,Chennai Central
2025-08-26,7106,Handmade Crafts,Delhi Old City
2024-09-05,10725,Local Tailoring,Delhi Old City
2024-09-11,4628,Street Food,Pune Rural
2024-07-10,6253,Organic Produce,Bangalore South
2024-03-30,2860,Local Tailoring,Pune Rural
2024-10-08,1762,Street Food,Bangalore South
2025-09-29,4069,Organic Produce,Delhi Old City
2025-11-17,4573,Street Food,Chennai Central
2025-11-19,1929,Organic Produce,Chennai Central
2024-08-14,13333,Kirana Store,Delhi Old City
2025-07-28,7296,Handmade Crafts,Bangalore South
2024-10-30,3384,Local Tailoring,Pune Rural
2025-01-31,11036,Kirana Store,Delhi Old City
2024-09-12,13826,Handmade Crafts,Chennai Central
2025-10-24,6200,Organic Produce,Pune Rural
2024-01-26,4048,Street Food,Bangalore South
2025-11-25,10773,Kirana Store,Pune Rural
2025-06-15,2290,Handmade Crafts,Bangalore South
2024-07-22,3874,Organic Produce,Pune Rural
2024-11-14,3577,Organic Produce,Pune Rural
2025-04-27,7189,Kirana Store,Chennai Central
2024-04-06,14576,Kirana Store,Delhi Old City
2025-10-20,7635,Local Tailoring,Bangalore South
2025-12-31,11580,Kirana Store,Delhi Old City
2025-01-12,6176,Kirana Store,Chennai Central
2024-07-23,4006,Organic Produce,Delhi Old City
2025-03-19,2798,Handmade Crafts,Delhi Old City
2024-09-04,10960,Handmade Crafts,Bangalore South
2025-09-22,6452,Organic Produce,Chennai Central
2024-06-20,2349,Street Food,Delhi Old City
2026-01-02,5572,Kirana Store,Delhi Old City
2025-09-06,7260,Local Tailoring,Bangalore South
2025-05-15,7129,Kirana Store,Pune Rural
2025-06-15,11868,Street Food,Mumbai Suburban
2024-06-12,2492,Handmade Crafts,Delhi Old City
2024-01-27,9991,Handmade Crafts,Mumbai Suburban
2024-06-21,9497,Kirana Store,Chennai Central
2024-08-22,5595,Handmade Crafts,Mumbai Suburban
2024-10-01,3330,Kirana Store,Pune Rural
2024-07-29,8745,Local Tailoring,Mumbai Suburban
2024-03-10,7451,Street Food,Bangalore South
2025-11-27,6573,Organic Produce,Mumbai Suburban
2025-11-15,3887,Street Food,Pune Rural
2024-07-27,9227,Street Food,Bangalore South
2024-10-11,4845,Local Tailoring,Bangalore South
2025-02-15,2164,Local Tailoring,Mumbai Suburban
2024-08-21,6636,Organic Produce,Delhi Old City
2024-10-16,10938,Local Tailoring,Pune Rural
2024-09-01,12457,Organic Produce,Chennai Central
2025-12-25,11291,Street Food,Mumbai Suburban
2024-11-14,9827,Kirana Store,Pune Rural
2025-06-04,14543,Organic Produce,Mumbai Suburban
2024-10-19,10242,Kirana Store,Pune Rural
2025-08-26,2116,Street Food,Mumbai Suburban
2024-08-12,8645,Handmade Crafts,Delhi Old City
2025-05-18,10887,Organic Produce,Pune Rural
2025-02-19,6348,Street Food,Delhi Old City
2024-10-11,12363,Organic Produce,Bangalore South
2025-07-26,5210,Kirana Store,Mumbai Suburban
2024-03-05,2267,Kirana Store,Bangalore South
2024-05-02,12110,Kirana Store,Pune Rural
2025-06-25,1815,Handmade Crafts,Delhi Old City
2025-09-09,11200,Street Food,Chennai Central
2024-03-19,6042,Handmade Crafts,Mumbai Suburban
2024-11-28,2580,Street Food,Delhi Old City
2024-05-14,13475,Local Tailoring,Bangalore South
2024-09-15,12069,Street Food,Bangalore South
2025-02-12,7814,Street Food,Delhi Old City
2026-01-07,7964,Kirana Store,Chennai Central
2025-05-18,13782,Organic Produce,Chennai Central
2024-04-12,12900,Local Tailoring,Chennai Central
2025-04-19,12218,Street Food,Mumbai Suburban
2025-11-14,4411,Kirana Store,Mumbai Suburban
2026-01-06,6692,Handmade Crafts,Mumbai Suburban
2025-05-15,12529,Local Tailoring,Pune Rural
2025-08-06,6038,Street Food,Chennai Central
2025-05-30,9802,Handmade Crafts,Chennai Central
2024-02-07,2739,Local Tailoring,Delhi Old City
2024-06-26,7141,Handmade Crafts,Bangalore South
2025-08-20,5914,Handmade Crafts,Bangalore South
2025-01-26,10674,Handmade Crafts,Delhi Old City
2025-08-19,693,Local Tailoring,Pune Rural
2025-03-28,12378,Kirana Store,Mumbai Suburban
2024-10-07,14950,Kirana Store,Pune Rural
2024-12-25,5182,Kirana Store,Bangalore South
2024-11-06,8860,Organic Produce,Chennai Central
2025-07-03,9465,Handmade Crafts,Mumbai Suburban
2024-04-09,2546,Street Food,Pune Rural
2024-07-22,5216,Organic Produce,Mumbai Suburban
2024-09-16,11742,Local Tailoring,Delhi Old City
2025-01-21,13103,Organic Produce,Delhi Old City
2025-06-10,9167,Organic Produce,Bangalore South
2025-08-31,5727,Kirana Store,Bangalore South
2025-03-01,11910,Handmade Crafts,Chennai Central
2025-08-02,7457,Handmade Crafts,Chennai Central
2024-09-30,9329,Street Food,Bangalore South
2024-12-30,9931,Handmade Crafts,Mumbai Suburban
2024-02-03,9156,Kirana Store,Pune Rural
2025-04-23,12618,Street Food,Mumbai Suburban
2024-06-20,13950,Kirana Store,Bangalore South
2025-03-25,14409,Organic Produce,Mumbai Suburban
2025-09-19,1528,Local Tailoring,Delhi Old City
2025-12-23,8063,Kirana Store,Mumbai Suburban
2025-12-11,2722,Kirana Store,Bangalore South
2026-01-07,10444,Local Tailoring,Pune Rural
2025-03-22,846,Kirana Store,Chennai Central
2024-11-24,2112,Street Food,Delhi Old City
2024-11-12,7891,Local Tailoring,Delhi Old City
2024-12-28,12944,Organic Produce,Bangalore South
2024-08-18,8875,Organic Produce,Delhi Old City
2025-01-31,11081,Kirana Store,Delhi Old City
2025-11-13,2646,Street Food,Chennai Central
2024-02-14,3208,Organic Produce,Delhi Old City
2024-05-07,625,Local Tailoring,Bangalore South
2025-10-22,7947,Organic Produce,Chennai Central
2025-09-08,6038,Organic Produce,Delhi Old City
2024-08-30,14478,Organic Produce,Delhi Old City
2025-05-03,14758,Local Tailoring,Chennai Central
2025-02-09,8453,Local Tailoring,Delhi Old City
2025-04-17,2000,Handmade Crafts,Pune Rural
2024-01-14,14581,Kirana Store,Chennai Central
2024-12-02,7817,Organic Produce,Bangalore South
2024-11-29,9188,Local Tailoring,Chennai Central
2024-03-25,13457,Handmade Crafts,Chennai Central
2025-12-02,14672,Local Tailoring,Chennai Central
2025-05-08,13427,Handmade Crafts,Pune Rural
2024-02-01,12420,Street Food,Mumbai Suburban
2025-03-26,7717,Organic Produce,Delhi Old City
2024-10-08,12139,Kirana Store,Mumbai Suburban
2024-09-13,9571,Handmade Crafts,Delhi Old City
2024-07-23,14034,Kirana Store,Bangalore South
2025-01-07,7582,Organic Produce,Mumbai Suburban
2025-08-31,8327,Local Tailoring,Pune Rural
2025-09-22,764,Kirana Store,Mumbai Suburban
2024-06-23,7292,Kirana Store,Bangalore South
2024-04-02,9204,Organic Produce,Pune Rural
2025-11-23,2312,Kirana Store,Delhi Old City
2024-10-21,1907,Handmade Crafts,Bangalore South
2024-02-13,502,Handmade Crafts,Mumbai Suburban
2025-04-19,1754,Street Food,Pune Rural
2024-10-11,14814,Street Food,Mumbai Suburban
2025-03-14,11059,Organic Produce,Chennai Central
2025-07-10,11094,Organic Produce,Pune Rural
2025-12-24,1793,Street Food,Pune Rural
2024-04-26,11877,Kirana Store,Bangalore South
2024-06-20,1032,Local Tailoring,Chennai Central
2024-10-26,6366,Organic Produce,Pune Rural
2024-03-11,8460,Organic Produce,Chennai Central
2024-05-28,10513,Kirana Store,Delhi Old City
2024-05-09,8626,Kirana Store,Delhi Old City
2024-01-23,1932,Street Food,Chennai Central
2025-01-17,8259,Street Food,Chennai Central
2025-08-02,14463,Organic Produce,Mumbai Suburban
2024-11-29,2227,Kirana Store,Chennai Central
2025-11-30,3929,Organic Produce,Pune Rural
2025-10-07,6643,Handmade Crafts,Mumbai Suburban
2025-04-13,9452,Organic Produce,Delhi Old City
2025-04-29,7895,Organic Produce,Delhi Old City
2025-03-04,1190,Local Tailoring,Delhi Old City
2025-02-10,11471,Kirana Store,Delhi Old City
2024-01-22,7925,Organic Produce,Chennai Central
2024-03-20,9748,Street Food,Pune Rural
2024-07-03,11472,Local Tailoring,Bangalore South
2024-08-24,11202,Kirana Store,Mumbai Suburban
2024-03-25,6522,Local Tailoring,Delhi Old City
2025-06-29,703,Street Food,Delhi Old City
2025-03-18,6280,Kirana Store,Bangalore South
2025-02-02,14602,Kirana Store,Mumbai Suburban
2024-02-19,12044,Street Food,Bangalore South
2024-07-26,12085,Street Food,Mumbai Suburban
2024-10-03,11676,Organic Produce,Bangalore South
2025-09-26,10619,Organic Produce,Chennai Central
2024-07-23,8452,Handmade Crafts,Bangalore South
2024-10-28,6591,Kirana Store,Delhi Old City
2024-10-12,11503,Kirana Store,Delhi Old City
2024-05-15,2322,Street Food,Pune Rural
2024-07-08,5219,Organic Produce,Delhi Old City
2025-04-07,10535,Kirana Store,Delhi Old City
2025-06-19,8325,Local Tailoring,Delhi Old City
2024-07-14,7268,Kirana Store,Mumbai Suburban
2025-10-05,10881,Street Food,Delhi Old City
2025-09-15,13773,Street Food,Delhi Old City
2024-04-01,7179,Organic Produce,Bangalore South
2025-03-26,12760,Handmade Crafts,Mumbai Suburban
2024-02-04,650,Kirana Store,Mumbai Suburban
2024-08-11,6989,Local Tailoring,Bangalore South
2025-05-14,4614,Handmade Crafts,Pune Rural
2024-12-29,14016,Local Tailoring,Bangalore South
2025-10-21,1296,Handmade Crafts,Bangalore South
2025-09-19,13642,Organic Produce,Mumbai Suburban
2024-09-19,12211,Kirana Store,Delhi Old City
2024-11-15,8764,Handmade Crafts,Bangalore South
2024-04-19,11489,Handmade Crafts,Mumbai Suburban
2024-11-18,6082,Kirana Store,Bangalore South
2024-03-04,10991,Local Tailoring,Mumbai Suburban
2024-08-15,3808,Street Food,Bangalore South
2024-01-27,10176,Street Food,Mumbai Suburban
2025-05-20,5090,Kirana Store,Chennai Central
2024-06-02,4432,Organic Produce,Bangalore South
2025-05-06,7331,Kirana Store,Delhi Old City
2024-10-23,12463,Kirana Store,Chennai Central
2025-05-20,10942,Organic Produce,Delhi Old City
2024-11-06,14993,Kirana Store,Mumbai Suburban
2024-09-24,12158,Organic Produce,Bangalore South
2025-06-01,1919,Local Tailoring,Bangalore South
2025-06-01,14558,Kirana Store,Chennai Central
2025-01-03,7066,Handmade Crafts,Mumbai Suburban
2024-02-27,12938,Organic Produce,Bangalore South
2025-11-24,4678,Street Food,Pune Rural
2024-03-17,14625,Organic Produce,Mumbai Suburban
2024-05-09,1328,Organic Produce,Chennai Central
2024-05-11,5263,Street Food,Bangalore South
2025-12-09,4172,Kirana Store,Mumbai Suburban
2025-12-15,12590,Street Food,Bangalore South
2024-12-05,5550,Kirana Store,Delhi Old City
2025-03-14,5451,Local Tailoring,Delhi Old City
2024-06-28,1193,Organic Produce,Delhi Old City
2025-12-16,6672,Handmade Crafts,Pune Rural
2024-02-23,11315,Handmade Crafts,Mumbai Suburban
2025-03-04,4312,Organic Produce,Bangalore South
2024-06-12,10624,Local Tailoring,Delhi Old City
2024-09-28,2800,Local Tailoring,Mumbai Suburban
2025-09-24,4105,Organic Produce,Mumbai Suburban
2025-07-04,13382,Handmade Crafts,Bangalore South
2025-12-25,9586,Street Food,Delhi Old City
2024-02-26,5483,Street Food,Chennai Central
2024-10-11,7617,Local Tailoring,Chennai Central
2025-08-15,7048,Kirana Store,Chennai Central
2024-10-03,6806,Street Food,Mumbai Suburban
2024-11-14,6994,Organic Produce,Bangalore South
2025-11-11,1744,Handmade Crafts,Delhi Old City
2024-09-09,4163,Street Food,Bangalore South
2025-12-17,7656,Organic Produce,Delhi Old City
2025-01-15,12900,Street Food,Bangalore South
2024-08-15,7097,Kirana Store,Pune Rural
2025-12-28,14636,Handmade Crafts,Pune Rural
2024-04-04,14832,Kirana Store,Bangalore South
2025-05-23,14247,Organic Produce,Bangalore South
2024-12-04,13744,Kirana Store,Mumbai Suburban
2024-09-11,5807,Handmade Crafts,Pune Rural
2025-06-20,11883,Local Tailoring,Chennai Central
2024-08-23,4869,Organic Produce,Bangalore South
2024-03-20,6374,Handmade Crafts,Bangalore South
2024-09-07,13379,Local Tailoring,Mumbai Suburban
2025-11-12,14989,Organic Produce,Chennai Central
2024-10-16,6430,Street Food,Delhi Old City
2025-10-07,13748,Handmade Crafts,Mumbai Suburban
2024-02-08,3618,Local Tailoring,Bangalore South
2024-07-18,6319,Local Tailoring,Delhi Old City
2024-05-17,9109,Handmade Crafts,Pune Rural
2025-12-23,8077,Street Food,Mumbai Suburban
2025-06-17,1156,Organic Produce,Bangalore South
2025-02-21,3065,Kirana Store,Mumbai Suburban
2024-04-20,8795,Organic Produce,Bangalore South
2025-12-13,13906,Handmade Crafts,Pune Rural
2025-12-02,12421,Street Food,Chennai Central
2024-05-25,8264,Kirana Store,Bangalore South
2024-08-06,12380,Street Food,Chennai Central
2024-11-06,4638,Street Food,Delhi Old City
2025-11-04,7803,Handmade Crafts,Mumbai Suburban
2025-01-28,12123,Handmade Crafts,Pune Rural
2025-02-26,2024,Organic Produce,Mumbai Suburban
2025-06-10,6614,Kirana Store,Chennai Central
2024-02-19,8462,Street Food,Pune Rural
2025-10-07,1356,Local Tailoring,Mumbai Suburban
2025-09-09,10877,Handmade Crafts,Mumbai Suburban
2024-04-25,8100,Organic Produce,Pune Rural
2024-04-20,14545,Local Tailoring,Mumbai Suburban
2024-09-29,1801,Handmade Crafts,Pune Rural
2024-02-06,10176,Kirana Store,Bangalore South
2025-08-28,6040,Street Food,Delhi Old City
2024-08-23,2987,Local Tailoring,Delhi Old City
2025-09-20,14414,Local Tailoring,Chennai Central
2024-03-22,13711,Local Tailoring,Delhi Old City
2024-02-16,6872,Kirana Store,Bangalore South
2024-06-01,6599,Handmade Crafts,Bangalore South
2025-02-11,1607,Local Tailoring,Mumbai Suburban
2025-03-02,1656,Local Tailoring,Chennai Central
2025-03-16,3893,Handmade Crafts,Mumbai Suburban
2024-07-05,12806,Organic Produce,Chennai Central
2025-02-06,8305,Local Tailoring,Mumbai Suburban
2025-01-25,13818,Handmade Crafts,Delhi Old City
2025-03-31,7864,Local Tailoring,Mumbai Suburban
2025-07-19,12974,Local Tailoring,Chennai Central
2024-12-13,7135,Handmade Crafts,Pune Rural
2024-02-08,10686,Street Food,Delhi Old City
2024-09-09,3681,Organic Produce,Chennai Central
2025-03-22,9059,Organic Produce,Chennai Central
2024-09-02,14270,Handmade Crafts,Pune Rural
2025-05-04,14800,Organic Produce,Delhi Old City
2025-03-11,4541,Street Food,Pune Rural
2024-05-29,1107,Handmade Crafts,Bangalore South
2025-01-12,8638,Organic Produce,Pune Rural
2025-01-23,3101,Street Food,Delhi Old City
2024-04-17,7506,Street Food,Bangalore South
2024-10-30,10954,Street Food,Mumbai Suburban
2024-07-19,6974,Street Food,Bangalore South
2025-06-30,5559,Local Tailoring,Chennai Central
2025-01-17,10498,Kirana Store,Delhi Old City
2025-03-26,10626,Street Food,Delhi Old City
2025-01-15,3065,Organic Produce,Pune Rural
2025-12-15,14307,Street Food,Pune Rural
2025-09-15,2080,Kirana Store,Bangalore South
2024-10-04,1850,Street Food,Bangalore South
2025-01-28,715,Organic Produce,Chennai Central
2025-03-05,6890,Local Tailoring,Bangalore South
2025-06-20,12855,Street Food,Mumbai Suburban
2024-11-05,3650,Organic Produce,Chennai Central
2024-03-23,7251,Local Tailoring,Chennai Central
2025-01-29,13887,Handmade Crafts,Chennai Central
2024-10-23,7772,Local Tailoring,Mumbai Suburban
2025-02-24,8454,Handmade Crafts,Chennai Central
2025-08-31,3559,Local Tailoring,Delhi Old City
2025-05-05,1893,Kirana Store,Delhi Old City
2024-04-10,3433,Street Food,Mumbai Suburban
2025-06-14,4215,Handmade Crafts,Mumbai Suburban
2025-02-18,8677,Street Food,Chennai Central
2025-02-15,4502,Handmade Crafts,Bangalore South
2024-02-10,4589,Organic Produce,Chennai Central
2024-09-16,3440,Organic Produce,Delhi Old City
2024-11-22,13045,Local Tailoring,Chennai Central
2025-05-10,2430,Handmade Crafts,Pune Rural
2026-01-08,10702,Handmade Crafts,Mumbai Suburban
2024-12-06,5784,Street Food,Pune Rural
2025-03-19,11921,Handmade Crafts,Mumbai Suburban
2024-07-18,6794,Local Tailoring,Pune Rural
2024-04-08,2769,Local Tailoring,Delhi Old City
2025-03-24,10460,Handmade Crafts,Pune Rural
2024-03-13,8039,Local Tailoring,Delhi Old City
2025-12-18,5603,Kirana Store,Bangalore South
2025-01-07,5271,Local Tailoring,Chennai Central
2024-11-09,5894,Organic Produce,Pune Rural
2025-05-30,9450,Kirana Store,Mumbai Suburban
2025-06-02,9587,Local Tailoring,Delhi Old City
2024-10-25,9175,Kirana Store,Pune Rural
2024-03-18,808,Handmade Crafts,Bangalore South
2025-11-18,6274,Kirana Store,Delhi Old City
2024-02-27,7110,Local Tailoring,Pune Rural
2025-01-13,1872,Organic Produce,Bangalore South
2024-11-09,7568,Handmade Crafts,Chennai Central
2025-06-28,11954,Handmade Crafts,Bangalore South
2024-12-06,8425,Handmade Crafts,Mumbai Suburban
2024-01-21,14051,Organic Produce,Pune Rural
2025-11-03,5212,Local Tailoring,Mumbai Suburban
2025-11-12,12994,Handmade Crafts,Delhi Old City
2025-11-23,2918,Local Tailoring,Delhi Old City
2025-08-02,11303,Kirana Store,Bangalore South
2024-03-14,5142,Handmade Crafts,Pune Rural
2024-10-08,2708,Kirana Store,Pune Rural
2024-04-27,4826,Handmade Crafts,Bangalore South
2025-09-01,7875,Local Tailoring,Delhi Old City
2024-08-28,7664,Organic Produce,Pune Rural
2024-09-17,3387,Organic Produce,Pune Rural
2025-05-11,9484,Handmade Crafts,Chennai Central
2024-05-16,10558,Street Food,Chennai Central
2025-10-25,11335,Local Tailoring,Pune Rural
2025-08-26,5182,Street Food,Delhi Old City
2025-07-03,5473,Kirana Store,Chennai Central
2025-04-06,10005,Local Tailoring,Chennai Central
2024-12-21,1896,Handmade Crafts,Mumbai Suburban
2024-05-24,6397,Handmade Crafts,Mumbai Suburban
2025-03-13,2151,Organic Produce,Mumbai Suburban
2025-05-16,1824,Local Tailoring,Chennai Central
2024-10-18,12169,Handmade Crafts,Mumbai Suburban
2024-02-29,6230,Street Food,Pune Rural
2025-06-09,5283,Kirana Store,Chennai Central
2024-04-06,7528,Handmade Crafts,Delhi Old City
2025-01-13,9339,Kirana Store,Delhi Old City
2025-03-27,823,Local Tailoring,Chennai Central
2024-04-07,12331,Organic Produce,Bangalore South
2025-03-10,7653,Organic Produce,Pune Rural
2025-01-11,8203,Handmade Crafts,Delhi Old City
2025-07-24,9619,Handmade Crafts,Bangalore South
2024-02-26,1610,Local Tailoring,Bangalore South
2024-01-14,6188,Organic Produce,Mumbai Suburban
2025-08-30,8761,Kirana Store,Chennai Central
2024-08-10,12630,Local Tailoring,Delhi Old City
2024-11-20,3447,Organic Produce,Delhi Old City
2025-12-15,7980,Handmade Crafts,Delhi Old City
2025-08-24,7358,Street Food,Chennai Central
2025-04-02,7716,Kirana Store,Mumbai Suburban
2025-01-05,2682,Kirana Store,Pune Rural
2024-04-29,8970,Local Tailoring,Mumbai Suburban
2025-09-28,10686,Local Tailoring,Mumbai Suburban
2024-04-02,2617,Kirana Store,Pune Rural
2025-07-09,5642,Local Tailoring,Chennai Central
2024-11-23,3575,Local Tailoring,Pune Rural
2024-05-18,10701,Organic Produce,Mumbai Suburban
2024-06-29,9099,Local Tailoring,Bangalore South
2025-02-05,11841,Kirana Store,Pune Rural
2024-09-01,9272,Street Food,Delhi Old City
2024-12-02,1559,Kirana Store,Pune Rural
2024-08-26,2442,Kirana Store,Delhi Old City
2024-06-04,13327,Handmade Crafts,Bangalore South
2024-01-12,10520,Handmade Crafts,Bangalore South
2025-09-22,12260,Handmade Crafts,Mumbai Suburban
2024-07-06,13704,Street Food,Bangalore South
2024-11-05,13333,Organic Produce,Delhi Old City
2024-07-19,14440,Kirana Store,Mumbai Suburban
2025-09-28,1144,Kirana Store,Mumbai Suburban
2024-03-30,6226,Kirana Store,Mumbai Suburban
2025-03-08,9220,Street Food,Bangalore South
2024-02-08,1378,Kirana Store,Mumbai Suburban
2024-11-08,4863,Organic Produce,Chennai Central
2025-11-26,14295,Local Tailoring,Delhi Old City
2025-09-24,9914,Local Tailoring,Delhi Old City
2024-09-02,3678,Handmade Crafts,Chennai Central
2025-02-17,4237,Organic Produce,Bangalore South
2026-01-01,6150,Local Tailoring,Bangalore South
2025-02-03,14144,Kirana Store,Bangalore South
2025-05-26,13930,Street Food,Pune Rural
2025-12-17,7270,Organic Produce,Mumbai Suburban
2024-12-19,8815,Organic Produce,Bangalore South
2025-09-19,3461,Local Tailoring,Delhi Old City
2024-09-11,2250,Organic Produce,Chennai Central
2024-09-24,8345,Kirana Store,Mumbai Suburban
2024-11-24,1435,Local Tailoring,Pune Rural
2024-09-26,7075,Organic Produce,Pune Rural
2024-06-12,2607,Kirana Store,Pune Rural
2025-11-19,10316,Street Food,Delhi Old City
2025-10-20,5174,Street Food,Chennai Central
2024-05-02,1687,Handmade Crafts,Delhi Old City
2024-04-05,6633,Kirana Store,Chennai Central
2024-03-27,10702,Local Tailoring,Mumbai Suburban
2024-04-12,3099,Organic Produce,Bangalore South
2025-07-01,3765,Local Tailoring,Bangalore South
2024-02-19,14500,Local Tailoring,Bangalore South
2025-09-25,12005,Street Food,Chennai Central
2024-05-16,4254,Kirana Store,Mumbai Suburban
2025-11-28,3819,Local Tailoring,Mumbai Suburban
2024-05-09,3235,Kirana Store,Chennai Central
2024-04-25,8332,Organic Produce,Bangalore South
2024-12-04,1547,Local Tailoring,Delhi Old City
2024-05-27,9345,Organic Produce,Bangalore South
2024-11-05,13259,Kirana Store,Bangalore South
2025-11-28,10523,Kirana Store,Bangalore South
2025-10-31,7969,Kirana Store,Chennai Central
2024-06-01,8113,Local Tailoring,Pune Rural
2025-05-15,3262,Street Food,Delhi Old City
2024-05-24,9699,Local Tailoring,Delhi Old City
2024-02-09,3338,Street Food,Delhi Old City
2024-03-13,6195,Kirana Store,Delhi Old City
2024-03-04,14209,Kirana Store,Delhi Old City
2024-10-23,9532,Street Food,Chennai Central
2024-04-23,3818,Local Tailoring,Bangalore South
2025-03-20,1089,Handmade Crafts,Pune Rural
2025-01-10,5139,Handmade Crafts,Delhi Old City
2024-03-16,12078,Handmade Crafts,Bangalore South
2025-06-21,2449,Street Food,Mumbai Suburban
2024-07-19,3137,Street Food,Bangalore South
2024-11-25,3964,Organic Produce,Pune Rural
2025-03-16,1625,Organic Produce,Pune Rural
2025-11-13,8026,Local Tailoring,Chennai Central
2024-03-10,8257,Kirana Store,Mumbai Suburban
2025-06-16,6431,Local Tailoring,Delhi Old City
2025-03-21,3100,Handmade Crafts,Chennai Central
2024-09-02,2938,Handmade Crafts,Bangalore South
2024-06-07,11849,Handmade Crafts,Bangalore South
2025-11-10,6594,Local Tailoring,Chennai Central
2024-08-05,9906,Street Food,Pune Rural
2025-08-28,9947,Local Tailoring,Chennai Central
2025-12-28,7086,Organic Produce,Chennai Central
2025-05-23,5864,Kirana Store,Delhi Old City
2024-12-28,4556,Local Tailoring,Chennai Central
2025-10-01,12156,Street Food,Chennai Central
2024-02-29,7642,Local Tailoring,Chennai Central
2025-03-17,13705,Street Food,Bangalore South
2024-08-15,10620,Handmade Crafts,Bangalore South
2024-11-10,12207,Organic Produce,Mumbai Suburban
2025-12-12,11540,Handmade Crafts,Pune Rural
2025-07-10,1125,Local Tailoring,Mumbai Suburban
2025-02-08,3988,Organic Produce,Delhi Old City
2024-11-23,8036,Local Tailoring,Delhi Old City
2025-06-15,1736,Organic Produce,Bangalore South
2025-03-10,14784,Street Food,Bangalore South
2024-08-08,13899,Kirana Store,Chennai Central
2024-10-14,14535,Handmade Crafts,Bangalore South
2024-09-11,1076,Local Tailoring,Bangalore South
2025-06-27,4473,Local Tailoring,Pune Rural
2025-12-22,2797,Local Tailoring,Chennai Central
2025-12-18,8420,Kirana Store,Delhi Old City
2024-05-08,11335,Street Food,Delhi Old City
2024-11-06,3817,Local Tailoring,Bangalore South
2024-05-28,1799,Organic Produce,Delhi Old City
2025-09-15,3457,Kirana Store,Bangalore South
2025-03-05,12603,Organic Produce,Bangalore South
2024-07-21,12586,Local Tailoring,Mumbai Suburban
2024-11-07,9563,Handmade Crafts,Delhi Old City
2025-02-05,11871,Local Tailoring,Pune Rural
2025-08-08,7724,Organic Produce,Mumbai Suburban
2025-12-05,3968,Local Tailoring,Bangalore South
2025-11-26,10253,Handmade Crafts,Pune Rural
2025-01-14,7490,Street Food,Pune Rural
2024-03-21,13904,Street Food,Mumbai Suburban
2024-04-20,4301,Street Food,Chennai Central
2025-12-28,5812,Handmade Crafts,Chennai Central
2024-02-14,1981,Organic Produce,Delhi Old City
2025-03-14,7683,Kirana Store,Bangalore South
2025-05-27,1309,Handmade Crafts,Pune Rural
2024-10-31,1701,Street Food,Delhi Old City
2024-01-27,4067,Street Food,Pune Rural
2024-12-09,6435,Local Tailoring,Mumbai Suburban
2025-05-18,11549,Kirana Store,Mumbai Suburban
2025-09-29,13558,Organic Produce,Mumbai Suburban
2025-08-22,2697,Organic Produce,Delhi Old City
2025-09-09,12500,Handmade Crafts,Mumbai Suburban
2025-12-31,10006,Organic Produce,Delhi Old City
2024-03-08,12669,Street Food,Chennai Central
2025-09-26,12098,Handmade Crafts,Delhi Old City
2025-01-04,12295,Local Tailoring,Chennai Central
2024-02-13,8870,Local Tailoring,Chennai Central
2025-09-29,7176,Local Tailoring,Mumbai Suburban
2025-04-17,6117,Local Tailoring,Chennai Central
2025-09-04,3206,Organic Produce,Pune Rural
2025-02-09,4490,Kirana Store,Pune Rural
2025-04-19,11420,Kirana Store,Bangalore South
2024-11-23,13469,Organic Produce,Mumbai Suburban
2024-12-13,7799,Local Tailoring,Chennai Central
2024-12-02,13288,Handmade Crafts,Chennai Central
2025-07-05,6360,Street Food,Mumbai Suburban
2024-08-31,648,Kirana Store,Pune Rural
2025-04-29,13977,Handmade Crafts,Chennai Central
2024-10-18,9765,Kirana Store,Chennai Central
2024-06-12,4542,Organic Produce,Mumbai Suburban
2024-03-08,3400,Local Tailoring,Bangalore South
2024-06-11,5809,Street Food,Mumbai Suburban
2025-02-05,14222,Handmade Crafts,Delhi Old City
2025-12-09,8372,Organic Produce,Delhi Old City
2024-10-07,7859,Street Food,Pune Rural
2024-08-16,1931,Street Food,Chennai Central
2024-06-25,13734,Organic Produce,Pune Rural
2024-01-29,653,Kirana Store,Pune Rural
2025-10-10,2864,Kirana Store,Bangalore South
2025-02-18,12136,Handmade Crafts,Chennai Central
2024-08-24,5990,Street Food,Delhi Old City
2025-01-24,1858,Handmade Crafts,Pune Rural
2024-10-10,5368,Kirana Store,Chennai Central
2024-05-14,8897,Kirana Store,Pune Rural
2024-01-31,3220,Kirana Store,Bangalore South
2025-02-21,14163,Street Food,Pune Rural
2025-05-25,2799,Street Food,Chennai Central
2025-10-31,2562,Organic Produce,Mumbai Suburban
2024-04-25,8756,Organic Produce,Delhi Old City
2025-05-08,13085,Local Tailoring,Delhi Old City
2025-01-07,8394,Local Tailoring,Pune Rural
2024-10-30,11256,Local Tailoring,Chennai Central
2024-10-19,6618,Kirana Store,Chennai Central
2024-08-04,14903,Handmade Crafts,Pune Rural
2025-05-01,4938,Street Food,Delhi Old City
2024-03-11,7189,Local Tailoring,Bangalore South
2024-09-09,11228,Kirana Store,Bangalore South
2024-01-29,13843,Kirana Store,Delhi Old City
2024-10-20,7899,Street Food,Mumbai Suburban
2024-11-19,2982,Street Food,Delhi Old City
2024-08-24,13320,Street Food,Bangalore South
2024-04-06,14426,Organic Produce,Bangalore South
2024-06-03,8616,Kirana Store,Pune Rural
2025-04-12,10094,Local Tailoring,Pune Rural
2024-02-18,2016,Kirana Store,Delhi Old City
2025-07-05,12576,Handmade Crafts,Mumbai Suburban
2025-10-31,14469,Kirana Store,Pune Rural
2024-02-09,8386,Handmade Crafts,Pune Rural
2024-12-24,7304,Handmade Crafts,Chennai Central
2025-04-04,7017,Kirana Store,Pune Rural
2024-07-12,8210,Street Food,Bangalore South
2025-10-21,12503,Organic Produce,Bangalore South
2025-03-14,10558,Local Tailoring,Bangalore South
2025-12-24,7624,Handmade Crafts,Bangalore South
2025-05-03,5006,Kirana Store,Mumbai Suburban
2025-09-24,12881,Organic Produce,Bangalore South
2025-04-11,14314,Handmade Crafts,Mumbai Suburban
2024-02-21,4110,Handmade Crafts,Bangalore South
2025-01-15,14303,Street Food,Chennai Central
2024-04-22,4865,Kirana Store,Chennai Central
2025-06-30,3212,Local Tailoring,Pune Rural
2024-04-02,10075,Local Tailoring,Chennai Central
2025-02-21,2764,Street Food,Chennai Central
2024-02-21,4731,Handmade Crafts,Mumbai Suburban
2024-04-09,3389,Local Tailoring,Pune Rural
2025-03-12,13964,Kirana Store,Mumbai Suburban
2024-05-29,10728,Handmade Crafts,Pune Rural
2025-03-29,11157,Handmade Crafts,Bangalore South
2025-04-27,4843,Handmade Crafts,Delhi Old City
2025-04-28,5576,Organic Produce,Pune Rural
2025-08-30,2178,Street Food,Delhi Old City
2025-02-06,7149,Organic Produce,Delhi Old City
2025-12-30,8124,Kirana Store,Chennai Central
2025-01-23,13975,Handmade Crafts,Delhi Old City
2025-06-04,12989,Local Tailoring,Pune Rural
2024-10-17,14545,Local Tailoring,Delhi Old City
2025-12-09,12916,Organic Produce,Bangalore South
2024-02-15,12648,Handmade Crafts,Bangalore South
2025-09-02,3602,Kirana Store,Mumbai Suburban
2025-11-11,9177,Kirana Store,Pune Rural
2024-05-27,1365,Handmade Crafts,Delhi Old City
2024-06-23,10343,Kirana Store,Mumbai Suburban
2025-12-22,12813,Organic Produce,Delhi Old City
2024-05-18,4907,Kirana Store,Mumbai Suburban
2024-06-09,8434,Handmade Crafts,Delhi Old City
2024-06-20,14558,Kirana Store,Bangalore South
2024-03-14,9972,Handmade Crafts,Chennai Central
2024-06-21,9915,Local Tailoring,Pune Rural
2024-10-03,14078,Street Food,Delhi Old City
2024-05-31,13277,Handmade Crafts,Delhi Old City
2025-02-27,2961,Organic Produce,Pune Rural
2025-11-14,2210,Street Food,Delhi Old City
2025-01-30,11989,Organic Produce,Delhi Old City
2025-09-03,2854,Street Food,Bangalore South
2025-11-06,6392,Organic Produce,Chennai Central
2024-06-17,12933,Kirana Store,Bangalore South
2025-07-12,2859,Handmade Crafts,Chennai Central
2025-05-07,14888,Local Tailoring,Pune Rural
2024-12-09,2553,Organic Produce,Delhi Old City
2024-12-27,904,Local Tailoring,Delhi Old City
2025-01-09,4846,Street Food,Delhi Old City
2024-09-09,984,Kirana Store,Mumbai Suburban
2025-01-23,10798,Kirana Store,Pune Rural
2024-06-06,10728,Handmade Crafts,Bangalore South
2025-11-01,4075,Local Tailoring,Mumbai Suburban
2024-08-30,9017,Kirana Store,Mumbai Suburban
2024-06-02,12901,Local Tailoring,Delhi Old City
2025-02-25,13609,Handmade Crafts,Delhi Old City
2025-06-23,13571,Handmade Crafts,Pune Rural
2025-01-16,7619,Local Tailoring,Pune Rural
2024-11-09,6371,Kirana Store,Mumbai Suburban
2025-12-08,11122,Handmade Crafts,Pune Rural
2025-09-23,11933,Local Tailoring,Pune Rural
2025-04-06,11719,Street Food,Delhi Old City
2025-10-18,5367,Handmade Crafts,Bangalore South
2024-06-06,1413,Street Food,Bangalore South
2025-01-25,14790,Local Tailoring,Mumbai Suburban
2024-04-20,9246,Organic Produce,Mumbai Suburban
2024-12-19,11463,Handmade Crafts,Chennai Central
2025-04-23,10974,Organic Produce,Chennai Central
2025-06-29,9553,Kirana Store,Bangalore South
2024-05-24,12557,Local Tailoring,Bangalore South
2025-11-10,4849,Street Food,Pune Rural
2024-11-07,4062,Handmade Crafts,Bangalore South
2024-09-27,8195,Organic Produce,Pune Rural
2025-07-13,4405,Street Food,Pune Rural
2025-08-07,10309,Organic Produce,Chennai Central
2024-08-23,11306,Handmade Crafts,Bangalore South
2025-04-12,3558,Street Food,Mumbai Suburban
2025-10-16,801,Handmade Crafts,Chennai Central
2025-08-22,4013,Street Food,Chennai Central
2024-11-14,6765,Local Tailoring,Mumbai Suburban
2025-11-21,14028,Organic Produce,Delhi Old City
2024-07-01,7082,Organic Produce,Pune Rural
2025-07-30,14498,Street Food,Pune Rural
2025-09-27,6104,Street Food,Mumbai Suburban
2026-01-05,14679,Street Food,Delhi Old City
2025-01-17,14785,Handmade Crafts,Delhi Old City
2024-09-03,7172,Handmade Crafts,Pune Rural
2024-08-12,14668,Street Food,Bangalore South
2025-06-09,3583,Street Food,Bangalore South
2025-03-22,1657,Organic Produce,Mumbai Suburban
2024-08-30,6271,Handmade Crafts,Delhi Old City
2025-03-12,8903,Kirana Store,Bangalore South
2025-05-17,12764,Organic Produce,Delhi Old City
2025-03-13,4327,Kirana Store,Bangalore South
2025-11-10,1737,Handmade Crafts,Chennai Central
2024-02-03,11159,Street Food,Pune Rural
2024-12-23,5319,Kirana Store,Chennai Central
2025-10-06,3094,Handmade Crafts,Delhi Old City
2024-10-30,3021,Street Food,Mumbai Suburban
2024-08-27,7551,Kirana Store,Chennai Central
2024-05-28,8533,Kirana Store,Bangalore South
2024-08-16,6740,Local Tailoring,Mumbai Suburban
2025-10-05,13346,Organic Produce,Delhi Old City
2025-12-23,10523,Street Food,Chennai Central
2025-01-31,1414,Organic Produce,Chennai Central
2025-07-27,13949,Organic Produce,Mumbai Suburban
2025-10-03,2285,Kirana Store,Delhi Old City
2025-05-12,12561,Street Food,Delhi Old City
2025-03-20,4985,Handmade Crafts,Delhi Old City
2024-07-19,6863,Kirana Store,Mumbai Suburban
2024-08-19,14283,Handmade Crafts,Chennai Central
2025-09-30,7274,Local Tailoring,Bangalore South
2024-06-01,14178,Kirana Store,Bangalore South
2024-12-23,7800,Organic Produce,Chennai Central
2025-03-18,3563,Kirana Store,Delhi Old City
2025-07-29,7346,Kirana Store,Delhi Old City
2025-12-20,5987,Handmade Crafts,Pune Rural
2025-08-18,13843,Local Tailoring,Pune Rural
2025-11-12,7619,Organic Produce,Mumbai Suburban
2025-06-21,9771,Local Tailoring,Delhi Old City
2024-04-12,7324,Local Tailoring,Delhi Old City
2024-05-08,13838,Street Food,Delhi Old City
2024-02-19,7736,Local Tailoring,Pune Rural
2024-09-24,3696,Street Food,Delhi Old City
2024-06-20,3704,Kirana Store,Chennai Central
2025-05-04,2662,Kirana Store,Delhi Old City
2025-12-19,9663,Handmade Crafts,Mumbai Suburban
2025-12-04,8840,Street Food,Mumbai Suburban
2024-05-14,7292,Organic Produce,Mumbai Suburban
2024-05-06,13309,Organic Produce,Delhi Old City
2024-09-19,3042,Kirana Store,Delhi Old City
2024-06-14,2790,Local Tailoring,Pune Rural
2025-09-07,4687,Street Food,Chennai Central
2024-09-03,12605,Local Tailoring,Delhi Old City
2024-01-25,13767,Handmade Crafts,Pune Rural
2025-04-29,6375,Handmade Crafts,Delhi Old City
2025-10-18,5906,Organic Produce,Mumbai Suburban
2025-02-26,13270,Local Tailoring,Pune Rural
2025-04-01,1283,Organic Produce,Pune Rural
2025-10-30,4822,Kirana Store,Chennai Central
2025-11-20,1632,Handmade Crafts,Delhi Old City
2024-04-23,13336,Organic Produce,Pune Rural
2025-01-24,3527,Kirana Store,Delhi Old City
2024-12-05,8607,Kirana Store,Mumbai Suburban
2024-08-21,3140,Handmade Crafts,Mumbai Suburban
2024-03-04,13724,Local Tailoring,Delhi Old City
2024-08-30,8935,Kirana Store,Pune Rural
2024-01-14,3086,Local Tailoring,Mumbai Suburban
2024-08-01,11065,Handmade Crafts,Pune Rural
2025-08-15,7021,Organic Produce,Chennai Central
2025-03-08,4860,Street Food,Bangalore South
2024-12-03,7033,Kirana Store,Delhi Old City
2025-09-27,8657,Organic Produce,Pune Rural
2025-11-23,4175,Kirana Store,Mumbai Suburban
2025-07-27,8553,Handmade Crafts,Bangalore South
2025-02-02,13722,Street Food,Chennai Central
2025-12-28,14261,Street Food,Mumbai Suburban
2024-11-12,9406,Organic Produce,Bangalore South
2024-12-08,13972,Local Tailoring,Mumbai Suburban
2025-07-06,12653,Street Food,Delhi Old City
2024-04-17,9326,Kirana Store,Pune Rural
2024-08-16,14847,Handmade Crafts,Chennai Central
2024-07-20,7153,Organic Produce,Bangalore South
2025-09-24,7522,Local Tailoring,Chennai Central
2024-05-25,2257,Local Tailoring,Pune Rural
2025-08-31,5665,Street Food,Delhi Old City
2025-03-21,8680,Local Tailoring,Bangalore South
2025-05-19,13888,Kirana Store,Delhi Old City
2025-08-20,11425,Street Food,Chennai Central
2024-07-14,560,Local Tailoring,Pune Rural
2024-05-01,6171,Street Food,Bangalore South
2024-07-21,3483,Street Food,Chennai Central
2025-07-09,3016,Local Tailoring,Bangalore South
2025-10-13,10295,Local Tailoring,Pune Rural
2025-12-01,2741,Street Food,Chennai Central
2025-10-02,6215,Kirana Store,Pune Rural
2025-07-28,1743,Organic Produce,Bangalore South
2024-09-13,8557,Local Tailoring,Mumbai Suburban
2025-10-19,9501,Organic Produce,Delhi Old City
2024-03-28,9054,Organic Produce,Pune Rural
2025-05-25,3282,Handmade Crafts,Mumbai Suburban
2026-01-05,627,Handmade Crafts,Bangalore South
2024-11-21,4833,Street Food,Delhi Old City
2024-09-13,8159,Local Tailoring,Delhi Old City
2025-06-12,4211,Local Tailoring,Mumbai Suburban
2025-03-22,2466,Street Food,Delhi Old City
2024-10-14,4163,Handmade Crafts,Mumbai Suburban
2024-07-18,8728,Organic Produce,Pune Rural
2025-04-14,13872,Local Tailoring,Pune Rural
2024-07-05,8635,Local Tailoring,Mumbai Suburban
2025-03-10,10214,Handmade Crafts,Pune Rural
2026-01-07,11622,Handmade Crafts,Mumbai Suburban
2024-08-03,8565,Handmade Crafts,Pune Rural
2025-03-11,12628,Handmade Crafts,Pune Rural
2025-12-07,12699,Street Food,Chennai Central
2024-11-14,9016,Local Tailoring,Chennai Central
2024-01-19,8370,Organic Produce,Chennai Central
2025-09-13,8579,Street Food,Pune Rural
2024-03-27,4033,Handmade Crafts,Mumbai Suburban
2024-09-21,9530,Organic Produce,Delhi Old City
2025-05-13,5536,Handmade Crafts,Mumbai Suburban
2024-05-17,11395,Kirana Store,Delhi Old City
2024-08-31,8486,Local Tailoring,Mumbai Suburban
2026-01-09,6315,Street Food,Delhi Old City
2025-08-29,6401,Handmade Crafts,Delhi Old City
2025-04-25,986,Local Tailoring,Bangalore South
2024-11-13,4143,Handmade Crafts,Bangalore South
2024-09-09,11283,Local Tailoring,Pune Rural
2025-11-21,6207,Local Tailoring,Bangalore South
2025-09-14,3536,Street Food,Delhi Old City
2025-09-24,14936,Street Food,Chennai Central
2025-07-04,9361,Kirana Store,Bangalore South
2025-12-27,11593,Street Food,Chennai Central
2024-08-24,2332,Handmade Crafts,Bangalore South
2024-05-31,6526,Handmade Crafts,Delhi Old City
2025-06-22,14842,Handmade Crafts,Mumbai Suburban
2025-07-01,12399,Local Tailoring,Delhi Old City
2025-09-05,13789,Handmade Crafts,Delhi Old City
2024-02-02,2265,Street Food,Bangalore South
2024-06-01,1178,Local Tailoring,Mumbai Suburban
2025-10-10,8935,Organic Produce,Chennai Central
2025-10-14,1418,Organic Produce,Mumbai Suburban
2024-09-07,8815,Street Food,Pune Rural
2024-03-02,14493,Organic Produce,Delhi Old City
2025-09-01,12994,Handmade Crafts,Mumbai Suburban
2025-11-08,1604,Street Food,Mumbai Suburban
2025-12-12,11462,Handmade Crafts,Delhi Old City
2025-03-14,2625,Handmade Crafts,Chennai Central
2025-04-12,12283,Local Tailoring,Chennai Central
2025-02-28,12446,Local Tailoring,Delhi Old City
2025-09-01,3859,Organic Produce,Bangalore South
2025-03-16,10761,Kirana Store,Pune Rural
2025-02-12,6960,Organic Produce,Pune Rural
2024-12-03,12902,Handmade Crafts,Chennai Central
2024-11-29,14102,Local Tailoring,Mumbai Suburban
2024-08-27,2150,Organic Produce,Mumbai Suburban
2024-09-02,6728,Street Food,Pune Rural
2025-05-02,14297,Local Tailoring,Pune Rural
2026-01-02,7324,Organic Produce,Delhi Old City
2024-03-18,8054,Handmade Crafts,Delhi Old City
2025-07-28,10219,Organic Produce,Mumbai Suburban
2024-01-13,4445,Local Tailoring,Bangalore South
2025-03-24,2839,Street Food,Bangalore South
2025-01-08,9985,Organic Produce,Bangalore South
2024-03-18,13076,Handmade Crafts,Bangalore South
2025-07-15,10721,Kirana Store,Chennai Central
2025-01-14,11727,Kirana Store,Bangalore South
2025-03-05,11020,Organic Produce,Mumbai Suburban
2024-02-27,13688,Local Tailoring,Bangalore South
2025-05-02,5532,Handmade Crafts,Pune Rural
2024-10-06,2242,Kirana Store,Mumbai Suburban
2025-07-30,11706,Kirana Store,Mumbai Suburban
2024-08-29,11663,Local Tailoring,Delhi Old City
2025-05-15,10202,Organic Produce,Chennai Central
2025-11-13,2628,Local Tailoring,Bangalore South
2024-01-16,9328,Kirana Store,Mumbai Suburban
2024-05-26,3887,Local Tailoring,Delhi Old City
2024-10-29,11979,Street Food,Delhi Old City
2024-04-23,1728,Handmade Crafts,Mumbai Suburban
2025-06-15,5652,Street Food,Delhi Old City
2025-11-16,9689,Local Tailoring,Chennai Central
2025-11-19,14273,Local Tailoring,Chennai Central
2024-03-04,14384,Street Food,Delhi Old City
2025-11-05,9766,Handmade Crafts,Mumbai Suburban
2025-10-02,6813,Street Food,Bangalore South
2024-08-22,7858,Local Tailoring,Chennai Central
2024-03-06,4079,Local Tailoring,Bangalore South
2025-02-14,6063,Local Tailoring,Pune Rural
2025-09-06,7064,Handmade Crafts,Bangalore South
2025-03-30,9956,Kirana Store,Bangalore South
2025-09-19,8980,Handmade Crafts,Chennai Central
2025-11-22,5057,Kirana Store,Chennai Central
2025-03-05,8074,Handmade Crafts,Delhi Old City
2024-09-27,561,Handmade Crafts,Delhi Old City
2024-08-25,12075,Kirana Store,Bangalore South
2025-12-24,5899,Street Food,Bangalore South
2025-05-25,13322,Organic Produce,Pune Rural
2025-12-10,613,Handmade Crafts,Pune Rural
2025-02-22,5008,Kirana Store,Chennai Central
2024-12-30,3310,Handmade Crafts,Bangalore South
2025-01-12,12180,Street Food,Pune Rural
2024-03-27,2598,Handmade Crafts,Chennai Central
2024-05-24,1466,Kirana Store,Delhi Old City
2024-11-26,3772,Street Food,Bangalore South
2024-12-19,11721,Organic Produce,Chennai Central
2024-04-07,9259,Organic Produce,Delhi Old City
2025-11-12,7727,Kirana Store,Chennai Central
2025-09-10,14912,Local Tailoring,Mumbai Suburban
2024-07-31,13487,Kirana Store,Chennai Central
2024-11-10,8166,Organic Produce,Delhi Old City
2024-03-11,1102,Handmade Crafts,Mumbai Suburban
2024-11-13,14200,Local Tailoring,Bangalore South
2025-01-14,14211,Organic Produce,Mumbai Suburban
2024-05-08,2205,Local Tailoring,Pune Rural
2025-04-02,13764,Street Food,Delhi Old City
2025-06-10,12635,Kirana Store,Bangalore South
2025-04-26,7231,Organic Produce,Pune Rural
2025-01-11,6718,Street Food,Delhi Old City
2025-11-17,954,Street Food,Chennai Central
2024-02-28,8794,Local Tailoring,Pune Rural
2024-10-24,6952,Local Tailoring,Mumbai Suburban
2025-03-12,3310,Kirana Store,Mumbai Suburban
2025-03-27,14713,Local Tailoring,Pune Rural
2024-11-23,4329,Organic Produce,Bangalore South
2024-07-22,8263,Street Food,Chennai Central
2025-02-07,13257,Local Tailoring,Pune Rural
2025-08-25,10451,Organic Produce,Bangalore South
2025-05-20,13231,Street Food,Bangalore South
2024-01-19,13433,Kirana Store,Chennai Central
2024-08-12,14778,Organic Produce,Mumbai Suburban
2024-04-19,9243,Street Food,Chennai Central
2025-05-16,11467,Organic Produce,Pune Rural
2024-07-04,13779,Local Tailoring,Bangalore South
2024-10-04,4915,Local Tailoring,Pune Rural
2025-03-15,3033,Kirana Store,Bangalore South
2025-06-03,13810,Handmade Crafts,Bangalore South
2024-05-27,7528,Local Tailoring,Bangalore South
2025-06-14,9682,Street Food,Pune Rural
2024-11-20,10002,Kirana Store,Pune Rural
2025-01-12,8195,Organic Produce,Bangalore South
2025-07-19,2122,Kirana Store,Pune Rural
2024-05-18,2231,Kirana Store,Bangalore South
2025-08-21,14432,Local Tailoring,Bangalore South
2025-06-01,12398,Local Tailoring,Mumbai Suburban
2025-09-22,807,Organic Produce,Pune Rural
2025-07-08,4560,Organic Produce,Mumbai Suburban
2024-04-23,9268,Local Tailoring,Chennai Central
2024-03-16,3988,Local Tailoring,Bangalore South
2025-01-04,1901,Kirana Store,Chennai Central
2024-11-08,4441,Handmade Crafts,Chennai Central
2024-03-18,2606,Street Food,Bangalore South
2025-01-11,7557,Local Tailoring,Pune Rural
2025-02-20,9755,Organic Produce,Delhi Old City
2025-08-29,9793,Organic Produce,Chennai Central
2024-12-08,5402,Local Tailoring,Mumbai Suburban
2025-05-20,9964,Organic Produce,Pune Rural
2024-09-08,5432,Local Tailoring,Delhi Old City
2025-10-07,10136,Local Tailoring,Pune Rural
2024-05-12,2493,Organic Produce,Bangalore South
2024-10-31,9372,Street Food,Delhi Old City
2024-11-11,8430,Organic Produce,Pune Rural
2025-10-05,5734,Kirana Store,Chennai Central
2024-09-15,13088,Kirana Store,Bangalore South
2024-03-15,14873,Organic Produce,Pune Rural
2024-08-07,4710,Local Tailoring,Mumbai Suburban
2025-06-30,2153,Organic Produce,Chennai Central
2025-03-29,3303,Street Food,Bangalore South
2025-03-16,1539,Handmade Crafts,Chennai Central
2024-02-14,12689,Local Tailoring,Pune Rural
2024-07-08,7915,Kirana Store,Pune Rural
2024-12-10,9369,Handmade Crafts,Chennai Central
2024-08-21,13456,Handmade Crafts,Delhi Old City
2024-04-01,9544,Organic Produce,Delhi Old City
2024-05-19,11148,Handmade Crafts,Mumbai Suburban
2025-07-11,5863,Street Food,Mumbai Suburban
2024-10-04,3046,Kirana Store,Bangalore South
2024-04-28,3621,Organic Produce,Chennai Central
2024-03-29,674,Organic Produce,Mumbai Suburban
2024-10-13,13397,Organic Produce,Chennai Central
2024-07-04,12674,Handmade Crafts,Delhi Old City
2024-05-01,6042,Street Food,Chennai Central
2024-12-31,10623,Street Food,Pune Rural
2025-03-15,12158,Local Tailoring,Bangalore South
2025-02-17,5914,Organic Produce,Delhi Old City
2024-06-07,10882,Street Food,Bangalore South
2025-07-03,8398,Organic Produce,Delhi Old City
2025-07-04,2946,Organic Produce,Pune Rural
2024-08-20,5564,Street Food,Delhi Old City
2025-09-24,13747,Street Food,Bangalore South
2025-03-11,10224,Organic Produce,Bangalore South
2024-09-07,12670,Kirana Store,Mumbai Suburban
2025-03-08,8422,Kirana Store,Pune Rural
2024-06-05,5874,Kirana Store,Chennai Central
2024-12-14,1604,Kirana Store,Delhi Old City
2025-03-18,7655,Handmade Crafts,Chennai Central
2024-11-04,10211,Organic Produce,Chennai Central
2025-04-23,6643,Organic Produce,Pune Rural
2024-09-14,977,Handmade Crafts,Delhi Old City
2024-07-01,3922,Handmade Crafts,Mumbai Suburban
2024-11-26,11956,Street Food,Chennai Central
2024-01-10,9891,Local Tailoring,Pune Rural
2024-10-17,7191,Street Food,Chennai Central
2025-11-24,12908,Handmade Crafts,Chennai Central
2025-02-06,13942,Street Food,Pune Rural
2024-06-14,14292,Handmade Crafts,Delhi Old City
2025-08-09,11681,Kirana Store,Bangalore South
2025-07-29,3710,Organic Produce,Chennai Central
2025-12-30,3576,Organic Produce,Pune Rural
2024-02-02,3699,Street Food,Delhi Old City
2025-01-25,9597,Street Food,Bangalore South
2024-08-14,7696,Street Food,Chennai Central
2025-02-16,9188,Street Food,Pune Rural
2025-04-29,7093,Handmade Crafts,Mumbai Suburban
2024-03-06,774,Kirana Store,Pune Rural
2024-10-28,9166,Organic Produce,Delhi Old City
2025-11-07,5934,Local Tailoring,Chennai Central
2026-01-06,6262,Handmade Crafts,Pune Rural
2024-02-05,7655,Street Food,Bangalore South
2025-09-06,4044,Local Tailoring,Mumbai Suburban
2024-12-24,3187,Kirana Store,Pune Rural
2024-06-23,10434,Local Tailoring,Delhi Old City
2025-09-09,1824,Handmade Crafts,Chennai Central
2025-12-03,7545,Handmade Crafts,Delhi Old City
2024-01-15,13151,Kirana Store,Bangalore South
2024-09-03,11380,Organic Produce,Delhi Old City
2024-08-25,981,Street Food,Bangalore South
2024-05-28,7482,Local Tailoring,Bangalore South
2025-10-09,13753,Local Tailoring,Mumbai Suburban
2024-12-03,9857,Kirana Store,Bangalore South
2025-06-26,3771,Organic Produce,Chennai Central
2024-05-25,2754,Street Food,Pune Rural
2024-04-04,2832,Local Tailoring,Bangalore South
2025-03-30,4089,Kirana Store,Chennai Central
2024-10-30,12354,Organic Produce,Bangalore South
2024-05-06,13553,Street Food,Pune Rural
2024-10-25,5296,Kirana Store,Bangalore South
2025-02-10,12480,Handmade Crafts,Pune Rural
2024-03-04,7616,Local Tailoring,Chennai Central
2024-03-14,9812,Handmade Crafts,Delhi Old City
2024-02-16,7676,Kirana Store,Pune Rural
2024-07-26,10105,Kirana Store,Mumbai Suburban
2025-07-24,9757,Handmade Crafts,Pune Rural
2025-06-20,11026,Local Tailoring,Chennai Central
2025-01-31,3829,Handmade Crafts,Mumbai Suburban
2025-07-15,2918,Handmade Crafts,Pune Rural
2025-06-30,10261,Kirana Store,Chennai Central
2025-12-20,12900,Street Food,Mumbai Suburban
2025-11-08,7600,Kirana Store,Delhi Old City
2024-03-20,1810,Kirana Store,Pune Rural
2025-02-19,14829,Local Tailoring,Mumbai Suburban
2024-06-01,13624,Local Tailoring,Chennai Central
2024-12-17,1356,Street Food,Bangalore South
2025-05-05,6469,Handmade Crafts,Bangalore South
2024-05-12,7360,Organic Produce,Delhi Old City
2025-03-09,4017,Street Food,Chennai Central
2025-05-04,9885,Organic Produce,Pune Rural
2025-01-30,5262,Handmade Crafts,Delhi Old City
2025-05-17,10696,Street Food,Pune Rural
2024-06-02,3390,Street Food,Pune Rural
2024-08-18,9281,Handmade Crafts,Chennai Central
2025-11-09,6154,Street Food,Bangalore South
2025-02-03,6347,Street Food,Bangalore South
2025-02-21,14585,Local Tailoring,Bangalore South
2025-03-03,10538,Handmade Crafts,Pune Rural
2025-05-16,5793,Local Tailoring,Chennai Central
2024-06-06,10278,Organic Produce,Bangalore South
2025-04-07,14425,Local Tailoring,Pune Rural
2025-10-17,14199,Handmade Crafts,Delhi Old City
2024-08-30,6231,Handmade Crafts,Bangalore South
2025-06-29,14003,Street Food,Mumbai Suburban
2024-12-11,7278,Organic Produce,Delhi Old City
2025-11-24,5194,Kirana Store,Pune Rural
2025-03-25,11157,Kirana Store,Bangalore South
2025-04-18,13563,Local Tailoring,Mumbai Suburban
2024-07-06,8193,Handmade Crafts,Pune Rural
2025-09-04,942,Local Tailoring,Bangalore South
2024-10-01,11497,Handmade Crafts,Mumbai Suburban
2024-07-16,13765,Organic Produce,Bangalore South
2024-09-13,3338,Organic Produce,Pune Rural
2025-12-22,8783,Kirana Store,Delhi Old City
2024-05-09,9749,Kirana Store,Delhi Old City
2024-07-19,8157,Organic Produce,Mumbai Suburban
2024-10-08,14796,Street Food,Pune Rural
2025-07-26,4076,Kirana Store,Delhi Old City
2025-07-18,14560,Organic Produce,Mumbai Suburban
2024-02-21,11624,Local Tailoring,Bangalore South
2024-05-10,8503,Local Tailoring,Pune Rural
2025-07-14,9970,Kirana Store,Pune Rural
2024-07-17,13545,Organic Produce,Delhi Old City
2024-11-12,10433,Organic Produce,Mumbai Suburban
2025-05-18,7236,Street Food,Delhi Old City
2025-05-07,5215,Street Food,Delhi Old City
2024-03-01,10716,Local Tailoring,Mumbai Suburban
2024-01-25,5797,Kirana Store,Delhi Old City
