date,amount,productCategory,region,company
2023-04-19,2807.48,Cotton Fabric,Railway Colony,Lakshmi Silk Weavers
2024-05-11,1294.38,Handloom Towels,Railway Colony,Lakshmi Silk Weavers
2024-06-01,5340.94,Silk Sarees,Old City,Lakshmi Silk Weavers
2023-11-29,3643.12,Embroidery Thread,Mandapam Area,Lakshmi Silk Weavers
2023-10-21,1170.66,Handloom Towels,Mandapam Area,Lakshmi Silk Weavers
2023-04-26,2958.84,Handloom Towels,Railway Colony,Lakshmi Silk Weavers
2023-04-01,1896.77,Handloom Towels,Mandapam Area,Lakshmi Silk Weavers
2024-10-23,5047.26,Handloom Towels,Railway Colony,Lakshmi Silk Weavers
2024-02-13,1695.07,Handloom Towels,Temple Road,Lakshmi Silk Weavers
2023-07-01,3718.95,Cotton Fabric,Temple Road,Lakshmi Silk Weavers
2023-12-30,3983.32,Cotton Fabric,Temple Road,Lakshmi Silk Weavers
2024-08-10,4590.58,Handloom Towels,Mandapam Area,Lakshmi Silk Weavers
2023-10-13,4872.08,Handloom Towels,Old City,Lakshmi Silk Weavers
2023-09-01,3648.25,Cotton Fabric,Bazaar Street,Lakshmi Silk Weavers
2023-08-05,3462.89,Cotton Fabric,Railway Colony,Lakshmi Silk Weavers
2024-03-20,2171.19,Cotton Fabric,Mandapam Area,Lakshmi Silk Weavers
2024-09-13,4045.22,Handloom Towels,Bazaar Street,Lakshmi Silk Weavers
2024-04-24,4119.83,Silk Sarees,Temple Road,Lakshmi Silk Weavers
2023-10-04,5059.44,Cotton Fabric,Railway Colony,Lakshmi Silk Weavers
2024-05-02,3326.61,Silk Sarees,Mandapam Area,Lakshmi Silk Weavers
2023-06-26,3129.76,Handloom Towels,Temple Road,Lakshmi Silk Weavers
2023-12-10,4811.63,Silk Sarees,Railway Colony,Lakshmi Silk Weavers
2023-08-14,3654.02,Cotton Fabric,Old City,Lakshmi Silk Weavers
2023-12-26,5136.05,Silk Sarees,Temple Road,Lakshmi Silk Weavers
2023-09-20,2465.84,Silk Sarees,Old City,Lakshmi Silk Weavers
2024-02-27,516.11,Handloom Towels,Bazaar Street,Lakshmi Silk Weavers
2023-03-18,1931.42,Embroidery Thread,Temple Road,Lakshmi Silk Weavers
2024-08-06,3972.18,Silk Sarees,Mandapam Area,Lakshmi Silk Weavers
2023-12-03,1418.47,Embroidery Thread,Temple Road,Lakshmi Silk Weavers
2023-08-19,4108.31,Embroidery Thread,Old City,Lakshmi Silk Weavers
2023-02-21,988.98,Cotton Fabric,Railway Colony,Lakshmi Silk Weavers
2023-09-21,4712.45,Cotton Fabric,Railway Colony,Lakshmi Silk Weavers
2023-09-27,4868.26,Silk Sarees,Mandapam Area,Lakshmi Silk Weavers
2023-07-04,4610.11,Embroidery Thread,Old City,Lakshmi Silk Weavers
2023-01-20,2881.67,Cotton Fabric,Mandapam Area,Lakshmi Silk Weavers
2023-04-30,2426.18,Embroidery Thread,Bazaar Street,Lakshmi Silk Weavers
2024-03-24,3354.22,Handloom Towels,Temple Road,Lakshmi Silk Weavers
2024-06-08,3989.93,Embroidery Thread,Bazaar Street,Lakshmi Silk Weavers
2024-09-01,3928.17,Handloom Towels,Railway Colony,Lakshmi Silk Weavers
2024-04-25,3328.55,Silk Sarees,Mandapam Area,Lakshmi Silk Weavers
2023-10-31,5319.14,Cotton Fabric,Mandapam Area,Lakshmi Silk Weavers
2024-11-22,1231.06,Embroidery Thread,Bazaar Street,Lakshmi Silk Weavers
2023-07-21,731.63,Cotton Fabric,Old City,Lakshmi Silk Weavers
2024-12-14,1375.85,Silk Sarees,Old City,Lakshmi Silk Weavers
2023-04-01,1726.84,Cotton Fabric,Railway Colony,Lakshmi Silk Weavers
2024-08-12,5328.77,Silk Sarees,Temple Road,Lakshmi Silk Weavers
2024-03-28,2061.79,Handloom Towels,Temple Road,Lakshmi Silk Weavers
2024-03-01,4792.62,Silk Sarees,Railway Colony,Lakshmi Silk Weavers
2024-05-24,4324.80,Cotton Fabric,Railway Colony,Lakshmi Silk Weavers
2023-04-07,917.91,Cotton Fabric,Mandapam Area,Lakshmi Silk Weavers
2023-04-12,1134.36,Cotton Fabric,Temple Road,Lakshmi Silk Weavers
2023-01-18,4552.92,Embroidery Thread,Old City,Lakshmi Silk Weavers
2023-01-29,1609.36,Silk Sarees,Bazaar Street,Lakshmi Silk Weavers
2023-01-16,5047.19,Silk Sarees,Old City,Lakshmi Silk Weavers
2024-03-25,803.27,Silk Sarees,Mandapam Area,Lakshmi Silk Weavers
2023-05-01,4239.94,Silk Sarees,Bazaar Street,Lakshmi Silk Weavers
2024-03-15,1020.18,Cotton Fabric,Mandapam Area,Lakshmi Silk Weavers
2024-09-30,4016.35,Cotton Fabric,Railway Colony,Lakshmi Silk Weavers
2024-05-20,5080.51,Cotton Fabric,Railway Colony,Lakshmi Silk Weavers
2024-06-15,2504.27,Handloom Towels,Railway Colony,Lakshmi Silk Weavers
2023-07-22,2604.99,Silk Sarees,Mandapam Area,Lakshmi Silk Weavers
2023-01-24,3900.00,Handloom Towels,Mandapam Area,Lakshmi Silk Weavers
2023-12-16,4147.36,Handloom Towels,Temple Road,Lakshmi Silk Weavers
2024-09-09,773.24,Silk Sarees,Old City,Lakshmi Silk Weavers
2023-05-12,2039.10,Embroidery Thread,Temple Road,Lakshmi Silk Weavers
2024-09-30,5202.47,Embroidery Thread,Old City,Lakshmi Silk Weavers
2023-07-27,1187.95,Handloom Towels,Temple Road,Lakshmi Silk Weavers
2024-07-20,1008.06,Silk Sarees,Temple Road,Lakshmi Silk Weavers
2024-02-09,1536.83,Cotton Fabric,Old City,Lakshmi Silk Weavers
2024-04-16,522.23,Handloom Towels,Railway Colony,Lakshmi Silk Weavers
2024-08-08,3192.36,Silk Sarees,Old City,Lakshmi Silk Weavers
2024-05-15,1687.64,Handloom Towels,Bazaar Street,Lakshmi Silk Weavers
2023-03-17,1824.11,Handloom Towels,Temple Road,Lakshmi Silk Weavers
2024-02-24,3357.05,Silk Sarees,Temple Road,Lakshmi Silk Weavers
2024-09-18,2536.23,Cotton Fabric,Railway Colony,Lakshmi Silk Weavers
2024-05-25,1205.11,Silk Sarees,Old City,Lakshmi Silk Weavers
2024-12-17,5157.25,Embroidery Thread,Old City,Lakshmi Silk Weavers
2024-06-01,573.58,Embroidery Thread,Mandapam Area,Lakshmi Silk Weavers
2024-01-19,5200.61,Silk Sarees,Temple Road,Lakshmi Silk Weavers
2023-09-22,1719.38,Embroidery Thread,Mandapam Area,Lakshmi Silk Weavers
2023-08-17,2806.59,Silk Sarees,Bazaar Street,Lakshmi Silk Weavers
2023-02-10,1967.22,Embroidery Thread,Bazaar Street,Lakshmi Silk Weavers
2023-05-25,2265.60,Cotton Fabric,Temple Road,Lakshmi Silk Weavers
2023-07-04,3738.12,Handloom Towels,Mandapam Area,Lakshmi Silk Weavers
2023-09-18,4180.77,Handloom Towels,Temple Road,Lakshmi Silk Weavers
2024-12-27,3141.43,Embroidery Thread,Bazaar Street,Lakshmi Silk Weavers
2023-08-11,1732.86,Handloom Towels,Old City,Lakshmi Silk Weavers
2023-09-26,3866.25,Cotton Fabric,Railway Colony,Lakshmi Silk Weavers
2023-04-20,1855.15,Handloom Towels,Temple Road,Lakshmi Silk Weavers
2024-03-20,2371.93,Handloom Towels,Bazaar Street,Lakshmi Silk Weavers
2023-10-30,1868.71,Cotton Fabric,Railway Colony,Lakshmi Silk Weavers
2024-01-08,4339.89,Cotton Fabric,Railway Colony,Lakshmi Silk Weavers
2024-01-01,1660.45,Embroidery Thread,Temple Road,Lakshmi Silk Weavers
2024-11-06,4709.02,Silk Sarees,Temple Road,Lakshmi Silk Weavers
2024-10-09,1022.27,Embroidery Thread,Railway Colony,Lakshmi Silk Weavers
2024-03-09,5014.62,Embroidery Thread,Old City,Lakshmi Silk Weavers
2023-01-23,2962.95,Handloom Towels,Temple Road,Lakshmi Silk Weavers
2024-07-12,2456.27,Embroidery Thread,Bazaar Street,Lakshmi Silk Weavers
2024-01-14,5001.62,Embroidery Thread,Bazaar Street,Lakshmi Silk Weavers
2023-11-04,2512.45,Embroidery Thread,Bazaar Street,Lakshmi Silk Weavers
2024-11-03,2093.13,Handloom Towels,Railway Colony,Lakshmi Silk Weavers
2023-04-11,1015.13,Handloom Towels,Bazaar Street,Lakshmi Silk Weavers
2024-09-04,5087.94,Embroidery Thread,Old City,Lakshmi Silk Weavers
2024-02-08,2269.08,Silk Sarees,Old City,Lakshmi Silk Weavers
2023-06-12,4950.89,Handloom Towels,Bazaar Street,Lakshmi Silk Weavers
2023-06-30,4576.89,Cotton Fabric,Mandapam Area,Lakshmi Silk Weavers
2023-09-04,2942.65,Silk Sarees,Temple Road,Lakshmi Silk Weavers
2023-12-02,3111.44,Silk Sarees,Railway Colony,Lakshmi Silk Weavers
2023-01-25,1106.75,Embroidery Thread,Mandapam Area,Lakshmi Silk Weavers
2024-06-22,1772.80,Handloom Towels,Temple Road,Lakshmi Silk Weavers
2024-11-29,3237.11,Embroidery Thread,Railway Colony,Lakshmi Silk Weavers
2023-12-30,1962.29,Cotton Fabric,Railway Colony,Lakshmi Silk Weavers
2023-05-20,2302.17,Cotton Fabric,Railway Colony,Lakshmi Silk Weavers
2024-05-13,4874.33,Cotton Fabric,Mandapam Area,Lakshmi Silk Weavers
2024-06-15,4868.64,Cotton Fabric,Temple Road,Lakshmi Silk Weavers
2023-11-06,920.04,Handloom Towels,Railway Colony,Lakshmi Silk Weavers
2024-01-01,5449.96,Cotton Fabric,Railway Colony,Lakshmi Silk Weavers
2023-03-07,3287.89,Embroidery Thread,Temple Road,Lakshmi Silk Weavers
2024-02-27,2941.00,Cotton Fabric,Old City,Lakshmi Silk Weavers
2023-09-06,2244.74,Embroidery Thread,Mandapam Area,Lakshmi Silk Weavers
2024-10-07,3927.07,Cotton Fabric,Temple Road,Lakshmi Silk Weavers
2023-04-28,5199.84,Silk Sarees,Railway Colony,Lakshmi Silk Weavers
2024-02-15,1439.94,Cotton Fabric,Temple Road,Lakshmi Silk Weavers
2023-10-18,3467.75,Handloom Towels,Railway Colony,Lakshmi Silk Weavers
2024-06-15,2246.30,Silk Sarees,Bazaar Street,Lakshmi Silk Weavers
2023-11-15,1062.31,Silk Sarees,Temple Road,Lakshmi Silk Weavers
2023-03-12,1220.19,Handloom Towels,Mandapam Area,Lakshmi Silk Weavers
2024-11-27,4594.30,Embroidery Thread,Mandapam Area,Lakshmi Silk Weavers
2023-01-20,4333.84,Silk Sarees,Old City,Lakshmi Silk Weavers
2023-05-10,2164.51,Cotton Fabric,Old City,Lakshmi Silk Weavers
2023-11-05,2631.06,Cotton Fabric,Temple Road,Lakshmi Silk Weavers
2024-11-30,2373.34,Cotton Fabric,Railway Colony,Lakshmi Silk Weavers
2024-12-15,2190.30,Handloom Towels,Mandapam Area,Lakshmi Silk Weavers
2024-10-14,586.02,Cotton Fabric,Railway Colony,Lakshmi Silk Weavers
2023-07-08,1774.94,Cotton Fabric,Old City,Lakshmi Silk Weavers
2024-03-18,1818.85,Handloom Towels,Temple Road,Lakshmi Silk Weavers
2023-02-24,3792.35,Handloom Towels,Temple Road,Lakshmi Silk Weavers
2023-05-30,4859.97,Silk Sarees,Railway Colony,Lakshmi Silk Weavers
2023-01-22,1881.69,Embroidery Thread,Mandapam Area,Lakshmi Silk Weavers
2024-10-11,3002.78,Handloom Towels,Mandapam Area,Lakshmi Silk Weavers
2024-05-24,4741.58,Embroidery Thread,Mandapam Area,Lakshmi Silk Weavers
2023-04-17,2528.34,Embroidery Thread,Mandapam Area,Lakshmi Silk Weavers
2024-03-19,1533.65,Silk Sarees,Temple Road,Lakshmi Silk Weavers
2023-01-21,3867.13,Embroidery Thread,Mandapam Area,Lakshmi Silk Weavers
2023-04-15,551.55,Embroidery Thread,Mandapam Area,Lakshmi Silk Weavers
2024-09-11,2170.29,Handloom Towels,Mandapam Area,Lakshmi Silk Weavers
2024-08-05,4435.30,Silk Sarees,Old City,Lakshmi Silk Weavers
2023-01-30,3374.29,Silk Sarees,Old City,Lakshmi Silk Weavers
2023-12-22,1358.49,Cotton Fabric,Bazaar Street,Lakshmi Silk Weavers
2024-09-02,3777.26,Embroidery Thread,Old City,Lakshmi Silk Weavers
2023-01-31,3261.66,Handloom Towels,Bazaar Street,Lakshmi Silk Weavers
2023-07-02,3084.47,Silk Sarees,Bazaar Street,Lakshmi Silk Weavers
2024-06-21,1705.10,Embroidery Thread,Old City,Lakshmi Silk Weavers
2023-11-30,1705.81,Silk Sarees,Old City,Lakshmi Silk Weavers
2023-10-24,1101.94,Cotton Fabric,Bazaar Street,Lakshmi Silk Weavers
2024-02-03,4090.28,Cotton Fabric,Temple Road,Lakshmi Silk Weavers
2023-01-12,2254.74,Silk Sarees,Mandapam Area,Lakshmi Silk Weavers
2024-03-18,2599.14,Silk Sarees,Railway Colony,Lakshmi Silk Weavers
2023-08-11,1715.27,Embroidery Thread,Mandapam Area,Lakshmi Silk Weavers
2024-09-27,4972.65,Silk Sarees,Bazaar Street,Lakshmi Silk Weavers
2024-12-16,2328.85,Embroidery Thread,Railway Colony,Lakshmi Silk Weavers
2024-05-20,1583.92,Silk Sarees,Bazaar Street,Lakshmi Silk Weavers
2023-04-27,5121.91,Handloom Towels,Bazaar Street,Lakshmi Silk Weavers
2023-04-30,3153.45,Silk Sarees,Old City,Lakshmi Silk Weavers
2024-03-24,5030.37,Handloom Towels,Bazaar Street,Lakshmi Silk Weavers
2023-11-29,998.16,Silk Sarees,Mandapam Area,Lakshmi Silk Weavers
2023-11-12,2212.52,Cotton Fabric,Temple Road,Lakshmi Silk Weavers
2024-06-30,5252.43,Embroidery Thread,Old City,Lakshmi Silk Weavers
2024-08-02,2967.32,Cotton Fabric,Temple Road,Lakshmi Silk Weavers
2023-11-11,2315.85,Handloom Towels,Bazaar Street,Lakshmi Silk Weavers
2024-07-08,4948.98,Embroidery Thread,Temple Road,Lakshmi Silk Weavers
2024-06-13,3144.00,Embroidery Thread,Bazaar Street,Lakshmi Silk Weavers
2023-01-31,4928.99,Handloom Towels,Mandapam Area,Lakshmi Silk Weavers
2023-03-25,2425.05,Embroidery Thread,Railway Colony,Lakshmi Silk Weavers
2023-11-07,2772.21,Embroidery Thread,Mandapam Area,Lakshmi Silk Weavers
2023-09-02,4111.10,Silk Sarees,Bazaar Street,Lakshmi Silk Weavers
2023-01-28,590.40,Handloom Towels,Mandapam Area,Lakshmi Silk Weavers
2023-04-03,4044.86,Silk Sarees,Bazaar Street,Lakshmi Silk Weavers
2024-12-30,540.99,Cotton Fabric,Temple Road,Lakshmi Silk Weavers
2023-04-14,3756.31,Embroidery Thread,Railway Colony,Lakshmi Silk Weavers
2023-09-17,2836.66,Silk Sarees,Old City,Lakshmi Silk Weavers
2023-10-05,2961.70,Handloom Towels,Bazaar Street,Lakshmi Silk Weavers
2023-10-27,5062.06,Handloom Towels,Railway Colony,Lakshmi Silk Weavers
2024-11-30,792.03,Embroidery Thread,Railway Colony,Lakshmi Silk Weavers
2024-06-29,956.22,Handloom Towels,Bazaar Street,Lakshmi Silk Weavers
2024-06-26,2933.75,Silk Sarees,Mandapam Area,Lakshmi Silk Weavers
2024-11-20,3287.50,Handloom Towels,Railway Colony,Lakshmi Silk Weavers
2024-03-08,1074.38,Cotton Fabric,Temple Road,Lakshmi Silk Weavers
2024-12-13,2791.98,Silk Sarees,Railway Colony,Lakshmi Silk Weavers
2024-10-08,938.70,Silk Sarees,Old City,Lakshmi Silk Weavers
2024-10-23,2118.45,Handloom Towels,Bazaar Street,Lakshmi Silk Weavers
2023-08-18,2318.37,Handloom Towels,Temple Road,Lakshmi Silk Weavers
2023-09-26,3587.85,Embroidery Thread,Bazaar Street,Lakshmi Silk Weavers
2023-12-23,3226.65,Silk Sarees,Temple Road,Lakshmi Silk Weavers
2023-07-28,3997.65,Silk Sarees,Mandapam Area,Lakshmi Silk Weavers
2024-09-03,3579.72,Silk Sarees,Bazaar Street,Lakshmi Silk Weavers
2023-07-21,572.55,Embroidery Thread,Old City,Lakshmi Silk Weavers
2024-07-08,1956.32,Cotton Fabric,Bazaar Street,Lakshmi Silk Weavers
2023-01-01,1932.95,Silk Sarees,Mandapam Area,Lakshmi Silk Weavers
2023-12-20,3403.54,Cotton Fabric,Temple Road,Lakshmi Silk Weavers
2024-11-03,2868.20,Embroidery Thread,Temple Road,Lakshmi Silk Weavers
2023-06-03,812.88,Handloom Towels,Railway Colony,Lakshmi Silk Weavers
2024-01-31,2601.69,Silk Sarees,Old City,Lakshmi Silk Weavers
2023-08-15,4839.60,Handloom Towels,Bazaar Street,Lakshmi Silk Weavers
2023-12-14,3183.80,Silk Sarees,Railway Colony,Lakshmi Silk Weavers
2023-05-31,1738.07,Handloom Towels,Bazaar Street,Lakshmi Silk Weavers
2024-03-19,1328.05,Handloom Towels,Mandapam Area,Lakshmi Silk Weavers
2023-07-17,4130.59,Cotton Fabric,Railway Colony,Lakshmi Silk Weavers
2024-11-02,2316.30,Handloom Towels,Mandapam Area,Lakshmi Silk Weavers
2024-01-26,1409.49,Cotton Fabric,Mandapam Area,Lakshmi Silk Weavers
2023-01-08,3416.56,Silk Sarees,Temple Road,Lakshmi Silk Weavers
2023-08-01,2170.92,Embroidery Thread,Mandapam Area,Lakshmi Silk Weavers
2024-08-03,2094.72,Handloom Towels,Railway Colony,Lakshmi Silk Weavers
2023-06-07,1075.76,Cotton Fabric,Bazaar Street,Lakshmi Silk Weavers
2024-10-04,746.75,Cotton Fabric,Bazaar Street,Lakshmi Silk Weavers
2024-03-01,4371.99,Embroidery Thread,Mandapam Area,Lakshmi Silk Weavers
2024-07-13,3184.94,Cotton Fabric,Old City,Lakshmi Silk Weavers
2023-05-31,3724.82,Cotton Fabric,Railway Colony,Lakshmi Silk Weavers
2024-10-18,1739.10,Handloom Towels,Old City,Lakshmi Silk Weavers
2024-12-27,4713.40,Silk Sarees,Temple Road,Lakshmi Silk Weavers
2023-02-11,2639.64,Handloom Towels,Bazaar Street,Lakshmi Silk Weavers
2023-11-07,927.70,Silk Sarees,Mandapam Area,Lakshmi Silk Weavers
2024-01-08,4836.15,Cotton Fabric,Temple Road,Lakshmi Silk Weavers
2023-09-04,661.57,Cotton Fabric,Mandapam Area,Lakshmi Silk Weavers
2023-10-06,2489.74,Cotton Fabric,Railway Colony,Lakshmi Silk Weavers
2024-09-01,805.70,Cotton Fabric,Mandapam Area,Lakshmi Silk Weavers
2023-04-20,5176.89,Silk Sarees,Old City,Lakshmi Silk Weavers
2023-09-14,4204.39,Handloom Towels,Bazaar Street,Lakshmi Silk Weavers
2024-11-26,2619.08,Handloom Towels,Bazaar Street,Lakshmi Silk Weavers
2024-08-09,3262.57,Silk Sarees,Temple Road,Lakshmi Silk Weavers
2023-11-16,1924.96,Cotton Fabric,Bazaar Street,Lakshmi Silk Weavers
2023-07-21,2921.59,Silk Sarees,Old City,Lakshmi Silk Weavers
2024-02-26,3222.07,Cotton Fabric,Bazaar Street,Lakshmi Silk Weavers
2024-04-24,969.33,Cotton Fabric,Temple Road,Lakshmi Silk Weavers
2023-01-11,2742.70,Silk Sarees,Mandapam Area,Lakshmi Silk Weavers
2024-01-24,856.05,Handloom Towels,Bazaar Street,Lakshmi Silk Weavers
2024-04-13,594.03,Handloom Towels,Old City,Lakshmi Silk Weavers
2023-12-10,5413.35,Embroidery Thread,Temple Road,Lakshmi Silk Weavers
2023-03-24,2590.53,Embroidery Thread,Old City,Lakshmi Silk Weavers
2024-08-13,4150.91,Handloom Towels,Temple Road,Lakshmi Silk Weavers
2023-03-11,4840.55,Cotton Fabric,Mandapam Area,Lakshmi Silk Weavers
2023-02-01,2473.33,Embroidery Thread,Mandapam Area,Lakshmi Silk Weavers
2023-09-20,1383.72,Silk Sarees,Old City,Lakshmi Silk Weavers
2023-10-02,2358.71,Silk Sarees,Temple Road,Lakshmi Silk Weavers
2023-08-06,4402.97,Embroidery Thread,Old City,Lakshmi Silk Weavers
2023-09-01,924.58,Handloom Towels,Mandapam Area,Lakshmi Silk Weavers
2023-08-15,4309.53,Silk Sarees,Railway Colony,Lakshmi Silk Weavers
2023-11-16,3861.39,Silk Sarees,Railway Colony,Lakshmi Silk Weavers
2023-10-09,5437.99,Embroidery Thread,Mandapam Area,Lakshmi Silk Weavers
2024-04-04,2509.84,Handloom Towels,Temple Road,Lakshmi Silk Weavers
2024-10-05,2362.77,Embroidery Thread,Bazaar Street,Lakshmi Silk Weavers
2023-03-10,3400.10,Cotton Fabric,Temple Road,Lakshmi Silk Weavers
2024-12-24,2763.09,Cotton Fabric,Bazaar Street,Lakshmi Silk Weavers
2024-03-07,4423.85,Handloom Towels,Bazaar Street,Lakshmi Silk Weavers
2024-09-09,4846.22,Silk Sarees,Old City,Lakshmi Silk Weavers
2024-10-03,2867.86,Cotton Fabric,Old City,Lakshmi Silk Weavers
2024-05-25,3395.97,Silk Sarees,Railway Colony,Lakshmi Silk Weavers
2023-10-04,1773.09,Handloom Towels,Old City,Lakshmi Silk Weavers
2023-06-26,2189.22,Silk Sarees,Old City,Lakshmi Silk Weavers
2023-02-04,4810.30,Cotton Fabric,Mandapam Area,Lakshmi Silk Weavers
2024-08-30,3031.59,Handloom Towels,Old City,Lakshmi Silk Weavers
2023-01-19,1628.19,Handloom Towels,Temple Road,Lakshmi Silk Weavers
2023-12-24,1828.62,Silk Sarees,Bazaar Street,Lakshmi Silk Weavers
2024-03-22,2390.72,Handloom Towels,Old City,Lakshmi Silk Weavers
2023-03-07,4960.95,Embroidery Thread,Railway Colony,Lakshmi Silk Weavers
2023-06-26,1522.55,Silk Sarees,Bazaar Street,Lakshmi Silk Weavers
2024-01-20,4135.58,Silk Sarees,Railway Colony,Lakshmi Silk Weavers
2024-02-18,4511.26,Cotton Fabric,Bazaar Street,Lakshmi Silk Weavers
2023-05-05,3240.02,Cotton Fabric,Mandapam Area,Lakshmi Silk Weavers
2023-09-16,3829.96,Silk Sarees,Temple Road,Lakshmi Silk Weavers
2024-09-24,5281.56,Cotton Fabric,Old City,Lakshmi Silk Weavers
2023-06-03,5424.69,Handloom Towels,Old City,Lakshmi Silk Weavers
2024-12-30,5477.15,Cotton Fabric,Railway Colony,Lakshmi Silk Weavers
2024-05-29,2210.49,Embroidery Thread,Temple Road,Lakshmi Silk Weavers
2024-06-27,3715.78,Embroidery Thread,Temple Road,Lakshmi Silk Weavers
2023-05-25,5289.75,Cotton Fabric,Old City,Lakshmi Silk Weavers
2024-08-18,3294.94,Handloom Towels,Old City,Lakshmi Silk Weavers
2024-04-15,4743.00,Cotton Fabric,Bazaar Street,Lakshmi Silk Weavers
2023-04-02,2522.76,Cotton Fabric,Temple Road,Lakshmi Silk Weavers
2023-09-11,1529.01,Silk Sarees,Railway Colony,Lakshmi Silk Weavers
2024-09-03,3568.25,Embroidery Thread,Temple Road,Lakshmi Silk Weavers
2024-12-09,1348.72,Silk Sarees,Mandapam Area,Lakshmi Silk Weavers
2023-09-18,1958.96,Silk Sarees,Temple Road,Lakshmi Silk Weavers
2023-10-17,3358.64,Embroidery Thread,Old City,Lakshmi Silk Weavers
2023-07-27,3489.78,Handloom Towels,Temple Road,Lakshmi Silk Weavers
2024-02-26,3022.01,Silk Sarees,Bazaar Street,Lakshmi Silk Weavers
2023-05-07,3283.62,Handloom Towels,Mandapam Area,Lakshmi Silk Weavers
2024-08-04,689.65,Embroidery Thread,Mandapam Area,Lakshmi Silk Weavers
2023-12-05,1606.62,Handloom Towels,Temple Road,Lakshmi Silk Weavers
2024-12-23,2440.51,Embroidery Thread,Bazaar Street,Lakshmi Silk Weavers
2024-09-26,4473.54,Silk Sarees,Bazaar Street,Lakshmi Silk Weavers
2024-07-16,1735.35,Silk Sarees,Temple Road,Lakshmi Silk Weavers
2024-01-19,724.10,Handloom Towels,Temple Road,Lakshmi Silk Weavers
2023-03-18,4914.37,Embroidery Thread,Old City,Lakshmi Silk Weavers
2023-05-04,3899.36,Embroidery Thread,Bazaar Street,Lakshmi Silk Weavers
2023-01-13,4776.47,Embroidery Thread,Railway Colony,Lakshmi Silk Weavers
2024-08-26,3412.93,Handloom Towels,Railway Colony,Lakshmi Silk Weavers
2024-02-04,2733.36,Embroidery Thread,Old City,Lakshmi Silk Weavers
2023-12-05,3197.92,Silk Sarees,Mandapam Area,Lakshmi Silk Weavers
2023-11-26,2089.13,Embroidery Thread,Bazaar Street,Lakshmi Silk Weavers
2023-03-11,3539.85,Cotton Fabric,Old City,Lakshmi Silk Weavers
2024-09-11,4421.10,Embroidery Thread,Railway Colony,Lakshmi Silk Weavers
2023-03-26,3427.19,Embroidery Thread,Temple Road,Lakshmi Silk Weavers
2024-03-31,3288.63,Silk Sarees,Bazaar Street,Lakshmi Silk Weavers
2024-12-10,2101.26,Handloom Towels,Mandapam Area,Lakshmi Silk Weavers
2023-07-22,4576.34,Handloom Towels,Railway Colony,Lakshmi Silk Weavers
2023-09-15,4097.55,Handloom Towels,Railway Colony,Lakshmi Silk Weavers
2024-12-18,3364.12,Silk Sarees,Mandapam Area,Lakshmi Silk Weavers
2024-08-02,5365.03,Embroidery Thread,Bazaar Street,Lakshmi Silk Weavers
2024-06-01,4932.14,Handloom Towels,Mandapam Area,Lakshmi Silk Weavers
2024-01-21,1013.80,Handloom Towels,Bazaar Street,Lakshmi Silk Weavers
2024-07-28,2768.82,Embroidery Thread,Temple Road,Lakshmi Silk Weavers
2024-03-11,1373.12,Silk Sarees,Railway Colony,Lakshmi Silk Weavers
2024-01-19,3957.52,Embroidery Thread,Mandapam Area,Lakshmi Silk Weavers
2024-06-20,667.70,Cotton Fabric,Bazaar Street,Lakshmi Silk Weavers
2023-08-06,1547.22,Handloom Towels,Bazaar Street,Lakshmi Silk Weavers
2024-06-26,3110.05,Handloom Towels,Temple Road,Lakshmi Silk Weavers
2023-03-02,2726.82,Handloom Towels,Temple Road,Lakshmi Silk Weavers
2023-08-27,2584.13,Cotton Fabric,Bazaar Street,Lakshmi Silk Weavers
2023-05-14,4128.22,Cotton Fabric,Temple Road,Lakshmi Silk Weavers
2023-06-04,1587.13,Handloom Towels,Temple Road,Lakshmi Silk Weavers
2024-06-19,5406.18,Cotton Fabric,Old City,Lakshmi Silk Weavers
2024-04-25,1775.91,Handloom Towels,Mandapam Area,Lakshmi Silk Weavers
2023-08-16,3150.26,Cotton Fabric,Temple Road,Lakshmi Silk Weavers
2023-11-13,4430.75,Silk Sarees,Railway Colony,Lakshmi Silk Weavers
2023-08-26,2570.73,Embroidery Thread,Bazaar Street,Lakshmi Silk Weavers
2024-06-18,3221.80,Embroidery Thread,Old City,Lakshmi Silk Weavers
2023-04-15,1163.90,Silk Sarees,Temple Road,Lakshmi Silk Weavers
2023-02-05,1508.66,Cotton Fabric,Railway Colony,Lakshmi Silk Weavers
2024-06-07,3712.89,Handloom Towels,Temple Road,Lakshmi Silk Weavers
2024-07-08,4200.55,Cotton Fabric,Bazaar Street,Lakshmi Silk Weavers
2023-01-13,2535.16,Embroidery Thread,Temple Road,Lakshmi Silk Weavers
2023-11-01,5378.23,Silk Sarees,Railway Colony,Lakshmi Silk Weavers
2023-11-08,4818.22,Silk Sarees,Old City,Lakshmi Silk Weavers
2023-08-14,4376.98,Embroidery Thread,Bazaar Street,Lakshmi Silk Weavers
2024-04-14,1231.50,Handloom Towels,Railway Colony,Lakshmi Silk Weavers
2024-09-04,4144.74,Cotton Fabric,Bazaar Street,Lakshmi Silk Weavers
2023-12-15,2938.37,Embroidery Thread,Mandapam Area,Lakshmi Silk Weavers
2023-09-26,1545.47,Embroidery Thread,Temple Road,Lakshmi Silk Weavers
2024-07-05,2279.92,Silk Sarees,Railway Colony,Lakshmi Silk Weavers
2023-04-26,1069.02,Cotton Fabric,Mandapam Area,Lakshmi Silk Weavers
2023-09-16,5014.32,Cotton Fabric,Bazaar Street,Lakshmi Silk Weavers
2024-05-21,3519.07,Silk Sarees,Temple Road,Lakshmi Silk Weavers
2024-12-16,3180.29,Embroidery Thread,Temple Road,Lakshmi Silk Weavers
2023-11-07,4273.22,Handloom Towels,Bazaar Street,Lakshmi Silk Weavers
2024-05-29,1749.16,Embroidery Thread,Old City,Lakshmi Silk Weavers
2024-06-06,3915.13,Cotton Fabric,Railway Colony,Lakshmi Silk Weavers
2024-04-15,2600.23,Handloom Towels,Bazaar Street,Lakshmi Silk Weavers
2024-12-23,3019.83,Silk Sarees,Bazaar Street,Lakshmi Silk Weavers
2024-10-28,2766.95,Silk Sarees,Bazaar Street,Lakshmi Silk Weavers
2024-11-19,3551.85,Embroidery Thread,Mandapam Area,Lakshmi Silk Weavers
2024-03-29,1038.92,Handloom Towels,Old City,Lakshmi Silk Weavers
2024-03-23,4263.53,Embroidery Thread,Mandapam Area,Lakshmi Silk Weavers
2024-10-07,3313.17,Cotton Fabric,Temple Road,Lakshmi Silk Weavers
2023-08-10,1106.26,Cotton Fabric,Mandapam Area,Lakshmi Silk Weavers
2023-09-19,1685.89,Handloom Towels,Bazaar Street,Lakshmi Silk Weavers
2023-04-05,5007.93,Cotton Fabric,Temple Road,Lakshmi Silk Weavers
2023-05-07,2134.61,Cotton Fabric,Temple Road,Lakshmi Silk Weavers
2023-05-18,5397.09,Cotton Fabric,Temple Road,Lakshmi Silk Weavers
2023-07-24,3524.25,Handloom Towels,Mandapam Area,Lakshmi Silk Weavers
2024-09-20,3037.86,Embroidery Thread,Old City,Lakshmi Silk Weavers
2023-01-06,2363.56,Embroidery Thread,Mandapam Area,Lakshmi Silk Weavers
2024-09-03,3633.69,Cotton Fabric,Temple Road,Lakshmi Silk Weavers
2024-02-12,3202.09,Silk Sarees,Bazaar Street,Lakshmi Silk Weavers
2024-05-27,3326.81,Embroidery Thread,Old City,Lakshmi Silk Weavers
2024-08-02,5247.49,Silk Sarees,Old City,Lakshmi Silk Weavers
2023-09-17,3052.81,Cotton Fabric,Railway Colony,Lakshmi Silk Weavers
2023-10-31,1502.84,Handloom Towels,Temple Road,Lakshmi Silk Weavers
2023-04-29,810.40,Silk Sarees,Bazaar Street,Lakshmi Silk Weavers
2024-05-31,2064.34,Cotton Fabric,Temple Road,Lakshmi Silk Weavers
2023-11-17,4748.80,Cotton Fabric,Old City,Lakshmi Silk Weavers
2023-09-05,3207.47,Cotton Fabric,Old City,Lakshmi Silk Weavers
2023-01-13,1033.42,Handloom Towels,Mandapam Area,Lakshmi Silk Weavers
2023-01-02,636.48,Handloom Towels,Temple Road,Lakshmi Silk Weavers
2024-10-02,3928.82,Embroidery Thread,Temple Road,Lakshmi Silk Weavers
2023-11-08,4424.41,Silk Sarees,Temple Road,Lakshmi Silk Weavers
2024-02-25,4997.20,Silk Sarees,Bazaar Street,Lakshmi Silk Weavers
2023-03-05,3844.51,Silk Sarees,Bazaar Street,Lakshmi Silk Weavers
2024-06-10,1512.47,Silk Sarees,Railway Colony,Lakshmi Silk Weavers
2024-06-20,2545.39,Handloom Towels,Railway Colony,Lakshmi Silk Weavers
2023-10-08,3265.67,Embroidery Thread,Old City,Lakshmi Silk Weavers
2023-01-03,862.10,Silk Sarees,Railway Colony,Lakshmi Silk Weavers
2024-12-18,2781.10,Embroidery Thread,Temple Road,Lakshmi Silk Weavers
2023-09-20,4798.36,Handloom Towels,Mandapam Area,Lakshmi Silk Weavers
2024-04-15,1740.95,Cotton Fabric,Old City,Lakshmi Silk Weavers
2023-10-23,2841.00,Cotton Fabric,Old City,Lakshmi Silk Weavers
2024-03-20,2129.73,Handloom Towels,Railway Colony,Lakshmi Silk Weavers
2023-02-10,1015.97,Handloom Towels,Bazaar Street,Lakshmi Silk Weavers
2023-10-23,5313.30,Cotton Fabric,Temple Road,Lakshmi Silk Weavers
2024-03-07,4097.30,Handloom Towels,Temple Road,Lakshmi Silk Weavers
2023-05-15,4415.17,Silk Sarees,Railway Colony,Lakshmi Silk Weavers
2023-07-08,2372.44,Cotton Fabric,Old City,Lakshmi Silk Weavers
2023-12-06,5105.04,Handloom Towels,Old City,Lakshmi Silk Weavers
2023-06-09,958.61,Silk Sarees,Old City,Lakshmi Silk Weavers
2023-07-11,3663.52,Cotton Fabric,Old City,Lakshmi Silk Weavers
2023-10-26,2182.04,Handloom Towels,Railway Colony,Lakshmi Silk Weavers
2023-05-28,1248.91,Cotton Fabric,Railway Colony,Lakshmi Silk Weavers
2024-11-10,4398.69,Silk Sarees,Mandapam Area,Lakshmi Silk Weavers
2024-10-18,3203.32,Embroidery Thread,Railway Colony,Lakshmi Silk Weavers
2023-09-17,5251.75,Embroidery Thread,Bazaar Street,Lakshmi Silk Weavers
2023-07-29,5074.14,Cotton Fabric,Old City,Lakshmi Silk Weavers
2024-11-11,5161.65,Cotton Fabric,Old City,Lakshmi Silk Weavers
2023-01-07,5285.02,Handloom Towels,Temple Road,Lakshmi Silk Weavers
2024-08-13,621.32,Embroidery Thread,Bazaar Street,Lakshmi Silk Weavers
2023-07-21,3838.16,Embroidery Thread,Old City,Lakshmi Silk Weavers
2024-02-22,2934.44,Silk Sarees,Mandapam Area,Lakshmi Silk Weavers
2024-07-25,4907.31,Silk Sarees,Temple Road,Lakshmi Silk Weavers
2023-11-03,3884.62,Cotton Fabric,Old City,Lakshmi Silk Weavers
2023-12-01,3760.52,Cotton Fabric,Railway Colony,Lakshmi Silk Weavers
2024-08-14,4787.08,Embroidery Thread,Railway Colony,Lakshmi Silk Weavers
2024-01-01,732.50,Handloom Towels,Old City,Lakshmi Silk Weavers
2023-05-09,1079.11,Silk Sarees,Mandapam Area,Lakshmi Silk Weavers
2023-06-08,3603.48,Cotton Fabric,Bazaar Street,Lakshmi Silk Weavers
2023-03-27,2269.81,Cotton Fabric,Old City,Lakshmi Silk Weavers
2023-02-02,4795.63,Embroidery Thread,Temple Road,Lakshmi Silk Weavers
2024-05-30,2095.94,Silk Sarees,Mandapam Area,Lakshmi Silk Weavers
2023-08-01,1384.06,Handloom Towels,Temple Road,Lakshmi Silk Weavers
2024-11-10,1926.99,Handloom Towels,Mandapam Area,Lakshmi Silk Weavers
2024-12-13,816.84,Cotton Fabric,Old City,Lakshmi Silk Weavers
2023-09-12,3899.00,Embroidery Thread,Old City,Lakshmi Silk Weavers
2023-04-22,5337.54,Embroidery Thread,Temple Road,Lakshmi Silk Weavers
2023-07-27,1987.07,Silk Sarees,Bazaar Street,Lakshmi Silk Weavers
2023-01-19,1631.51,Handloom Towels,Railway Colony,Lakshmi Silk Weavers
2024-10-31,3549.38,Silk Sarees,Old City,Lakshmi Silk Weavers
2023-12-31,3754.86,Silk Sarees,Temple Road,Lakshmi Silk Weavers
2023-05-06,818.63,Handloom Towels,Old City,Lakshmi Silk Weavers
2023-02-27,5431.80,Cotton Fabric,Temple Road,Lakshmi Silk Weavers
2023-02-18,2983.38,Handloom Towels,Bazaar Street,Lakshmi Silk Weavers
2023-09-17,2480.66,Embroidery Thread,Old City,Lakshmi Silk Weavers
2024-05-13,4251.89,Embroidery Thread,Bazaar Street,Lakshmi Silk Weavers
2023-11-25,672.45,Silk Sarees,Old City,Lakshmi Silk Weavers
2023-02-12,4263.72,Cotton Fabric,Mandapam Area,Lakshmi Silk Weavers
2024-10-24,2415.63,Cotton Fabric,Mandapam Area,Lakshmi Silk Weavers
2024-01-25,2427.78,Cotton Fabric,Railway Colony,Lakshmi Silk Weavers
2024-12-09,3260.05,Handloom Towels,Mandapam Area,Lakshmi Silk Weavers
2024-05-07,4119.27,Silk Sarees,Old City,Lakshmi Silk Weavers
2024-03-22,505.30,Silk Sarees,Mandapam Area,Lakshmi Silk Weavers
2023-06-04,886.59,Handloom Towels,Bazaar Street,Lakshmi Silk Weavers
2024-06-13,4526.72,Handloom Towels,Bazaar Street,Lakshmi Silk Weavers
2024-10-14,5427.15,Silk Sarees,Old City,Lakshmi Silk Weavers
2023-12-07,3608.41,Embroidery Thread,Railway Colony,Lakshmi Silk Weavers
2023-04-16,1282.77,Silk Sarees,Old City,Lakshmi Silk Weavers
2023-07-30,579.93,Embroidery Thread,Mandapam Area,Lakshmi Silk Weavers
2024-04-30,4535.96,Cotton Fabric,Railway Colony,Lakshmi Silk Weavers
2023-08-08,2431.19,Cotton Fabric,Old City,Lakshmi Silk Weavers
2023-02-04,2267.32,Cotton Fabric,Railway Colony,Lakshmi Silk Weavers
2023-07-23,3060.85,Handloom Towels,Railway Colony,Lakshmi Silk Weavers
2023-02-15,1371.03,Handloom Towels,Mandapam Area,Lakshmi Silk Weavers
2023-09-20,3172.02,Embroidery Thread,Temple Road,Lakshmi Silk Weavers
2023-04-16,2026.65,Embroidery Thread,Bazaar Street,Lakshmi Silk Weavers
2024-12-11,4798.53,Embroidery Thread,Railway Colony,Lakshmi Silk Weavers
2023-09-02,5107.05,Silk Sarees,Old City,Lakshmi Silk Weavers
2023-12-09,1659.38,Handloom Towels,Mandapam Area,Lakshmi Silk Weavers
2024-07-29,1395.87,Embroidery Thread,Railway Colony,Lakshmi Silk Weavers
2024-02-20,1567.08,Handloom Towels,Bazaar Street,Lakshmi Silk Weavers
2023-11-05,2745.19,Silk Sarees,Old City,Lakshmi Silk Weavers
2023-10-29,4447.78,Embroidery Thread,Mandapam Area,Lakshmi Silk Weavers
2024-03-14,2334.10,Cotton Fabric,Bazaar Street,Lakshmi Silk Weavers
2024-12-04,2373.24,Embroidery Thread,Temple Road,Lakshmi Silk Weavers
2024-02-06,1401.01,Silk Sarees,Railway Colony,Lakshmi Silk Weavers
2023-07-22,5028.96,Silk Sarees,Mandapam Area,Lakshmi Silk Weavers
2024-12-19,1667.80,Cotton Fabric,Bazaar Street,Lakshmi Silk Weavers
2024-05-10,2970.19,Silk Sarees,Bazaar Street,Lakshmi Silk Weavers
2023-01-15,643.76,Embroidery Thread,Temple Road,Lakshmi Silk Weavers
2024-09-07,3467.64,Handloom Towels,Temple Road,Lakshmi Silk Weavers
2023-03-24,867.30,Silk Sarees,Railway Colony,Lakshmi Silk Weavers
2024-02-05,4962.04,Cotton Fabric,Mandapam Area,Lakshmi Silk Weavers
2023-05-04,3698.12,Silk Sarees,Bazaar Street,Lakshmi Silk Weavers
2023-01-14,1965.75,Silk Sarees,Railway Colony,Lakshmi Silk Weavers
2023-02-07,2838.83,Handloom Towels,Old City,Lakshmi Silk Weavers
2024-07-04,1841.73,Silk Sarees,Railway Colony,Lakshmi Silk Weavers
2023-10-30,1371.84,Handloom Towels,Bazaar Street,Lakshmi Silk Weavers
2024-10-12,4590.71,Handloom Towels,Old City,Lakshmi Silk Weavers
2024-06-23,2882.43,Handloom Towels,Old City,Lakshmi Silk Weavers
2024-12-04,4044.65,Cotton Fabric,Railway Colony,Lakshmi Silk Weavers
2024-04-23,1762.28,Silk Sarees,Bazaar Street,Lakshmi Silk Weavers
2024-02-29,3722.40,Silk Sarees,Railway Colony,Lakshmi Silk Weavers
2024-10-07,4864.51,Silk Sarees,Temple Road,Lakshmi Silk Weavers
2024-07-09,1712.78,Handloom Towels,Mandapam Area,Lakshmi Silk Weavers
2023-05-01,3199.77,Handloom Towels,Bazaar Street,Lakshmi Silk Weavers
2024-09-26,5330.77,Cotton Fabric,Railway Colony,Lakshmi Silk Weavers
2024-05-28,5207.29,Handloom Towels,Railway Colony,Lakshmi Silk Weavers
2024-04-11,2750.96,Cotton Fabric,Old City,Lakshmi Silk Weavers
2023-05-22,4021.55,Silk Sarees,Temple Road,Lakshmi Silk Weavers
2024-07-24,5499.88,Cotton Fabric,Railway Colony,Lakshmi Silk Weavers
2023-11-06,887.78,Silk Sarees,Mandapam Area,Lakshmi Silk Weavers
2024-09-13,1176.06,Cotton Fabric,Railway Colony,Lakshmi Silk Weavers
2023-11-20,3423.44,Handloom Towels,Old City,Lakshmi Silk Weavers
2024-05-30,3220.15,Cotton Fabric,Railway Colony,Lakshmi Silk Weavers
2023-07-20,4559.19,Silk Sarees,Bazaar Street,Lakshmi Silk Weavers
2023-03-28,4382.67,Handloom Towels,Mandapam Area,Lakshmi Silk Weavers
2024-08-23,2371.90,Embroidery Thread,Old City,Lakshmi Silk Weavers
2024-02-02,1383.92,Cotton Fabric,Temple Road,Lakshmi Silk Weavers
2024-01-15,2041.47,Handloom Towels,Old City,Lakshmi Silk Weavers
2023-11-12,1018.32,Embroidery Thread,Old City,Lakshmi Silk Weavers
2023-05-13,3453.16,Cotton Fabric,Mandapam Area,Lakshmi Silk Weavers
2023-06-22,1902.25,Cotton Fabric,Old City,Lakshmi Silk Weavers
2023-04-01,2518.75,Handloom Towels,Railway Colony,Lakshmi Silk Weavers
2024-04-09,4321.88,Cotton Fabric,Mandapam Area,Lakshmi Silk Weavers
2023-05-02,5086.28,Silk Sarees,Bazaar Street,Lakshmi Silk Weavers
2024-08-14,4746.44,Silk Sarees,Temple Road,Lakshmi Silk Weavers
2024-01-31,1269.84,Silk Sarees,Mandapam Area,Lakshmi Silk Weavers
2023-01-17,4421.22,Handloom Towels,Temple Road,Lakshmi Silk Weavers
2024-01-24,4153.73,Silk Sarees,Railway Colony,Lakshmi Silk Weavers
2024-02-18,2806.29,Handloom Towels,Railway Colony,Lakshmi Silk Weavers
2024-09-22,979.11,Embroidery Thread,Temple Road,Lakshmi Silk Weavers
2023-01-23,5011.55,Handloom Towels,Railway Colony,Lakshmi Silk Weavers
2024-08-03,4987.97,Embroidery Thread,Old City,Lakshmi Silk Weavers
2023-01-21,1213.32,Handloom Towels,Railway Colony,Lakshmi Silk Weavers
2024-04-11,2487.87,Cotton Fabric,Mandapam Area,Lakshmi Silk Weavers
2023-02-07,4341.16,Embroidery Thread,Old City,Lakshmi Silk Weavers
2023-01-17,4218.56,Cotton Fabric,Mandapam Area,Lakshmi Silk Weavers
2023-04-29,2256.25,Silk Sarees,Bazaar Street,Lakshmi Silk Weavers
2023-12-01,2218.30,Cotton Fabric,Bazaar Street,Lakshmi Silk Weavers
2024-11-17,5307.81,Embroidery Thread,Bazaar Street,Lakshmi Silk Weavers
2023-07-08,3016.10,Handloom Towels,Old City,Lakshmi Silk Weavers
2024-09-30,1074.54,Embroidery Thread,Railway Colony,Lakshmi Silk Weavers
2024-01-21,1883.29,Handloom Towels,Old City,Lakshmi Silk Weavers
2024-06-21,4576.06,Silk Sarees,Railway Colony,Lakshmi Silk Weavers
2024-04-04,4318.73,Handloom Towels,Railway Colony,Lakshmi Silk Weavers
2023-03-28,3011.39,Cotton Fabric,Railway Colony,Lakshmi Silk Weavers
2024-12-16,987.82,Cotton Fabric,Railway Colony,Lakshmi Silk Weavers
2024-09-04,5080.24,Silk Sarees,Railway Colony,Lakshmi Silk Weavers
2023-03-29,2097.90,Embroidery Thread,Bazaar Street,Lakshmi Silk Weavers
2023-04-08,2433.17,Silk Sarees,Mandapam Area,Lakshmi Silk Weavers
2024-06-09,5247.74,Cotton Fabric,Temple Road,Lakshmi Silk Weavers
2024-04-24,817.71,Cotton Fabric,Old City,Lakshmi Silk Weavers
2024-03-15,2245.89,Silk Sarees,Bazaar Street,Lakshmi Silk Weavers
2024-06-26,1521.29,Cotton Fabric,Mandapam Area,Lakshmi Silk Weavers
2024-06-03,3602.30,Silk Sarees,Railway Colony,Lakshmi Silk Weavers
2023-11-15,2659.50,Cotton Fabric,Railway Colony,Lakshmi Silk Weavers
2023-08-19,4641.88,Handloom Towels,Mandapam Area,Lakshmi Silk Weavers
2024-07-12,4597.81,Silk Sarees,Mandapam Area,Lakshmi Silk Weavers
2023-09-24,2641.09,Embroidery Thread,Bazaar Street,Lakshmi Silk Weavers
2023-09-19,5471.55,Cotton Fabric,Temple Road,Lakshmi Silk Weavers
2023-12-17,2790.15,Handloom Towels,Railway Colony,Lakshmi Silk Weavers
2024-03-15,1565.66,Embroidery Thread,Bazaar Street,Lakshmi Silk Weavers
2024-12-25,1896.32,Silk Sarees,Mandapam Area,Lakshmi Silk Weavers
2023-03-21,4309.16,Silk Sarees,Railway Colony,Lakshmi Silk Weavers
2024-10-24,1269.86,Embroidery Thread,Railway Colony,Lakshmi Silk Weavers
2023-06-15,4514.78,Embroidery Thread,Railway Colony,Lakshmi Silk Weavers
2024-04-15,1697.49,Silk Sarees,Railway Colony,Lakshmi Silk Weavers
2023-08-14,5472.34,Cotton Fabric,Mandapam Area,Lakshmi Silk Weavers
2024-04-12,3323.63,Handloom Towels,Old City,Lakshmi Silk Weavers
2023-09-06,689.80,Cotton Fabric,Temple Road,Lakshmi Silk Weavers
2024-10-06,4300.90,Silk Sarees,Old City,Lakshmi Silk Weavers
2023-02-17,4224.00,Handloom Towels,Old City,Lakshmi Silk Weavers
2024-03-11,3738.96,Embroidery Thread,Bazaar Street,Lakshmi Silk Weavers
2023-12-28,1318.78,Silk Sarees,Bazaar Street,Lakshmi Silk Weavers
2024-09-08,3683.91,Embroidery Thread,Old City,Lakshmi Silk Weavers
2024-12-04,1442.88,Silk Sarees,Mandapam Area,Lakshmi Silk Weavers
2023-10-15,3319.55,Silk Sarees,Mandapam Area,Lakshmi Silk Weavers
2024-01-10,4417.18,Handloom Towels,Mandapam Area,Lakshmi Silk Weavers
2024-02-15,2137.59,Embroidery Thread,Bazaar Street,Lakshmi Silk Weavers
2023-03-27,4682.54,Handloom Towels,Railway Colony,Lakshmi Silk Weavers
2024-05-28,3561.38,Embroidery Thread,Railway Colony,Lakshmi Silk Weavers
2023-12-17,1617.30,Silk Sarees,Railway Colony,Lakshmi Silk Weavers
2023-11-13,4828.11,Handloom Towels,Mandapam Area,Lakshmi Silk Weavers
2024-05-06,3720.13,Cotton Fabric,Railway Colony,Lakshmi Silk Weavers
2023-07-12,2763.85,Handloom Towels,Old City,Lakshmi Silk Weavers
2024-10-12,1321.94,Handloom Towels,Railway Colony,Lakshmi Silk Weavers
2023-05-26,3125.83,Silk Sarees,Railway Colony,Lakshmi Silk Weavers
2023-07-23,1021.20,Embroidery Thread,Railway Colony,Lakshmi Silk Weavers
2023-08-16,1528.65,Embroidery Thread,Temple Road,Lakshmi Silk Weavers
2024-03-19,5396.04,Silk Sarees,Railway Colony,Lakshmi Silk Weavers
2023-03-30,3047.82,Handloom Towels,Railway Colony,Lakshmi Silk Weavers
2024-04-21,2331.17,Handloom Towels,Old City,Lakshmi Silk Weavers
2023-06-27,3596.76,Embroidery Thread,Mandapam Area,Lakshmi Silk Weavers
2024-08-12,2842.89,Handloom Towels,Bazaar Street,Lakshmi Silk Weavers
2023-11-24,1679.36,Embroidery Thread,Old City,Lakshmi Silk Weavers
2023-08-18,641.22,Silk Sarees,Railway Colony,Lakshmi Silk Weavers
2023-06-30,1313.57,Handloom Towels,Mandapam Area,Lakshmi Silk Weavers
2024-10-20,3068.74,Cotton Fabric,Temple Road,Lakshmi Silk Weavers
2024-07-31,5202.27,Cotton Fabric,Railway Colony,Lakshmi Silk Weavers
2024-09-05,661.09,Handloom Towels,Temple Road,Lakshmi Silk Weavers
2023-02-17,5085.72,Silk Sarees,Bazaar Street,Lakshmi Silk Weavers
2023-07-24,3638.50,Cotton Fabric,Railway Colony,Lakshmi Silk Weavers
2023-05-22,2829.67,Handloom Towels,Bazaar Street,Lakshmi Silk Weavers
2023-03-21,4241.60,Cotton Fabric,Temple Road,Lakshmi Silk Weavers
2024-04-04,4187.29,Cotton Fabric,Old City,Lakshmi Silk Weavers
2023-05-29,2580.33,Silk Sarees,Temple Road,Lakshmi Silk Weavers
2024-08-24,2337.53,Cotton Fabric,Railway Colony,Lakshmi Silk Weavers
2024-04-22,2175.69,Handloom Towels,Bazaar Street,Lakshmi Silk Weavers
2023-02-18,535.68,Embroidery Thread,Temple Road,Lakshmi Silk Weavers
2023-10-27,1198.94,Handloom Towels,Railway Colony,Lakshmi Silk Weavers
2023-06-04,1117.70,Silk Sarees,Temple Road,Lakshmi Silk Weavers
2024-10-20,2172.56,Cotton Fabric,Old City,Lakshmi Silk Weavers
2023-06-03,4062.33,Embroidery Thread,Temple Road,Lakshmi Silk Weavers
2024-03-23,5139.07,Silk Sarees,Bazaar Street,Lakshmi Silk Weavers
2024-06-30,672.03,Embroidery Thread,Temple Road,Lakshmi Silk Weavers
2024-09-25,5414.53,Handloom Towels,Temple Road,Lakshmi Silk Weavers
2024-05-09,1915.63,Handloom Towels,Bazaar Street,Lakshmi Silk Weavers
2023-09-09,3154.84,Silk Sarees,Bazaar Street,Lakshmi Silk Weavers
2024-08-20,2950.67,Cotton Fabric,Old City,Lakshmi Silk Weavers
2023-07-10,4032.93,Silk Sarees,Mandapam Area,Lakshmi Silk Weavers
2024-12-07,3520.12,Handloom Towels,Old City,Lakshmi Silk Weavers
2024-07-08,3590.38,Silk Sarees,Temple Road,Lakshmi Silk Weavers
2023-05-04,3333.63,Silk Sarees,Railway Colony,Lakshmi Silk Weavers
2024-08-14,2659.67,Embroidery Thread,Railway Colony,Lakshmi Silk Weavers
2024-05-16,5345.15,Cotton Fabric,Railway Colony,Lakshmi Silk Weavers
2024-01-11,1754.79,Silk Sarees,Bazaar Street,Lakshmi Silk Weavers
2024-06-09,4108.16,Silk Sarees,Bazaar Street,Lakshmi Silk Weavers
2024-10-19,572.36,Silk Sarees,Railway Colony,Lakshmi Silk Weavers
2024-02-23,3926.46,Embroidery Thread,Railway Colony,Lakshmi Silk Weavers
2023-09-19,2575.60,Handloom Towels,Railway Colony,Lakshmi Silk Weavers
2023-10-19,860.21,Cotton Fabric,Mandapam Area,Lakshmi Silk Weavers
2024-01-20,1429.99,Cotton Fabric,Railway Colony,Lakshmi Silk Weavers
2024-11-09,3591.32,Embroidery Thread,Bazaar Street,Lakshmi Silk Weavers
2024-08-09,4136.64,Cotton Fabric,Old City,Lakshmi Silk Weavers
2023-04-11,873.00,Cotton Fabric,Bazaar Street,Lakshmi Silk Weavers
2023-03-09,4686.28,Cotton Fabric,Temple Road,Lakshmi Silk Weavers
2023-11-25,4954.81,Silk Sarees,Old City,Lakshmi Silk Weavers
2023-04-27,1996.36,Cotton Fabric,Mandapam Area,Lakshmi Silk Weavers
2023-11-29,1924.38,Handloom Towels,Mandapam Area,Lakshmi Silk Weavers
2024-03-21,2298.98,Handloom Towels,Mandapam Area,Lakshmi Silk Weavers
2024-07-04,5299.96,Embroidery Thread,Temple Road,Lakshmi Silk Weavers
2024-04-24,2875.78,Silk Sarees,Bazaar Street,Lakshmi Silk Weavers
2023-09-06,3878.78,Silk Sarees,Temple Road,Lakshmi Silk Weavers
2024-04-11,1229.88,Silk Sarees,Temple Road,Lakshmi Silk Weavers
2023-08-13,2088.91,Embroidery Thread,Mandapam Area,Lakshmi Silk Weavers
2023-12-16,2447.71,Silk Sarees,Temple Road,Lakshmi Silk Weavers
2023-08-04,4167.64,Silk Sarees,Railway Colony,Lakshmi Silk Weavers
2023-12-24,1419.48,Silk Sarees,Temple Road,Lakshmi Silk Weavers
2023-10-25,3875.43,Handloom Towels,Mandapam Area,Lakshmi Silk Weavers
2024-11-18,2216.50,Cotton Fabric,Temple Road,Lakshmi Silk Weavers
2024-01-30,1155.81,Embroidery Thread,Old City,Lakshmi Silk Weavers
2024-12-22,767.24,Cotton Fabric,Old City,Lakshmi Silk Weavers
2023-08-10,1627.96,Cotton Fabric,Railway Colony,Lakshmi Silk Weavers
2024-09-16,622.08,Embroidery Thread,Mandapam Area,Lakshmi Silk Weavers
2023-05-04,2264.53,Cotton Fabric,Temple Road,Lakshmi Silk Weavers
2023-07-24,4172.95,Silk Sarees,Temple Road,Lakshmi Silk Weavers
2024-05-12,5072.66,Cotton Fabric,Mandapam Area,Lakshmi Silk Weavers
2023-01-04,2046.74,Cotton Fabric,Railway Colony,Lakshmi Silk Weavers
2024-12-03,785.57,Handloom Towels,Old City,Lakshmi Silk Weavers
2024-03-09,3175.53,Silk Sarees,Bazaar Street,Lakshmi Silk Weavers
2023-04-07,568.54,Silk Sarees,Mandapam Area,Lakshmi Silk Weavers
2023-09-27,2496.95,Handloom Towels,Bazaar Street,Lakshmi Silk Weavers
2024-05-29,4807.99,Silk Sarees,Mandapam Area,Lakshmi Silk Weavers
2023-04-11,3409.34,Silk Sarees,Mandapam Area,Lakshmi Silk Weavers
2023-08-27,673.21,Handloom Towels,Railway Colony,Lakshmi Silk Weavers
2024-07-02,3049.74,Handloom Towels,Temple Road,Lakshmi Silk Weavers
2024-06-14,2543.95,Cotton Fabric,Temple Road,Lakshmi Silk Weavers
2024-02-15,944.13,Cotton Fabric,Old City,Lakshmi Silk Weavers
2024-09-06,4954.17,Embroidery Thread,Bazaar Street,Lakshmi Silk Weavers
2023-02-06,598.05,Silk Sarees,Temple Road,Lakshmi Silk Weavers
2023-01-21,2895.95,Silk Sarees,Bazaar Street,Lakshmi Silk Weavers
2024-05-04,2111.60,Embroidery Thread,Bazaar Street,Lakshmi Silk Weavers
2024-04-06,3015.73,Cotton Fabric,Temple Road,Lakshmi Silk Weavers
2023-09-14,1131.11,Handloom Towels,Mandapam Area,Lakshmi Silk Weavers
2023-03-14,5225.80,Embroidery Thread,Temple Road,Lakshmi Silk Weavers
2024-01-24,3088.90,Silk Sarees,Temple Road,Lakshmi Silk Weavers
2023-11-04,3644.41,Silk Sarees,Railway Colony,Lakshmi Silk Weavers
2023-02-21,2538.38,Embroidery Thread,Temple Road,Lakshmi Silk Weavers
2023-09-06,1612.71,Handloom Towels,Old City,Lakshmi Silk Weavers
2024-09-30,4660.24,Cotton Fabric,Railway Colony,Lakshmi Silk Weavers
2023-11-11,785.20,Embroidery Thread,Old City,Lakshmi Silk Weavers
2024-03-09,3226.89,Cotton Fabric,Old City,Lakshmi Silk Weavers
2024-08-15,1594.64,Embroidery Thread,Bazaar Street,Lakshmi Silk Weavers
2024-12-21,3427.89,Embroidery Thread,Mandapam Area,Lakshmi Silk Weavers
2024-03-27,3452.78,Embroidery Thread,Mandapam Area,Lakshmi Silk Weavers
2023-10-12,4395.86,Silk Sarees,Temple Road,Lakshmi Silk Weavers
2024-11-08,719.84,Silk Sarees,Temple Road,Lakshmi Silk Weavers
2023-10-08,4654.97,Embroidery Thread,Mandapam Area,Lakshmi Silk Weavers
2024-03-28,3501.07,Silk Sarees,Temple Road,Lakshmi Silk Weavers
2024-09-05,3558.11,Handloom Towels,Bazaar Street,Lakshmi Silk Weavers
2024-04-18,2583.11,Silk Sarees,Mandapam Area,Lakshmi Silk Weavers
2024-10-17,524.02,Embroidery Thread,Bazaar Street,Lakshmi Silk Weavers
2023-08-09,1649.23,Cotton Fabric,Railway Colony,Lakshmi Silk Weavers
2023-05-27,1990.63,Silk Sarees,Railway Colony,Lakshmi Silk Weavers
2023-06-23,1062.15,Silk Sarees,Mandapam Area,Lakshmi Silk Weavers
2024-05-27,3213.74,Silk Sarees,Temple Road,Lakshmi Silk Weavers
2023-08-21,638.06,Handloom Towels,Bazaar Street,Lakshmi Silk Weavers
2023-07-20,4827.27,Handloom Towels,Bazaar Street,Lakshmi Silk Weavers
2023-06-18,3624.40,Cotton Fabric,Temple Road,Lakshmi Silk Weavers
2023-06-20,2806.82,Silk Sarees,Temple Road,Lakshmi Silk Weavers
2023-05-06,5133.65,Embroidery Thread,Temple Road,Lakshmi Silk Weavers
2023-03-05,3149.59,Silk Sarees,Mandapam Area,Lakshmi Silk Weavers
2023-04-13,1394.58,Handloom Towels,Temple Road,Lakshmi Silk Weavers
2023-11-08,2324.76,Handloom Towels,Mandapam Area,Lakshmi Silk Weavers
2023-02-22,1899.21,Cotton Fabric,Mandapam Area,Lakshmi Silk Weavers
2023-10-29,4816.17,Silk Sarees,Old City,Lakshmi Silk Weavers
2024-10-07,636.07,Embroidery Thread,Temple Road,Lakshmi Silk Weavers
2024-04-14,3074.00,Silk Sarees,Mandapam Area,Lakshmi Silk Weavers
2023-07-13,3293.08,Silk Sarees,Bazaar Street,Lakshmi Silk Weavers
2024-09-19,4094.25,Embroidery Thread,Mandapam Area,Lakshmi Silk Weavers
2024-10-19,4007.00,Silk Sarees,Mandapam Area,Lakshmi Silk Weavers
2024-09-16,661.78,Silk Sarees,Temple Road,Lakshmi Silk Weavers
2024-04-25,2254.78,Embroidery Thread,Old City,Lakshmi Silk Weavers
2023-01-13,3082.10,Cotton Fabric,Temple Road,Lakshmi Silk Weavers
2023-10-04,3639.33,Handloom Towels,Mandapam Area,Lakshmi Silk Weavers
2023-10-27,951.86,Handloom Towels,Temple Road,Lakshmi Silk Weavers
2023-11-15,3921.22,Silk Sarees,Temple Road,Lakshmi Silk Weavers
2023-02-13,1320.18,Cotton Fabric,Railway Colony,Lakshmi Silk Weavers
2024-12-14,3983.80,Embroidery Thread,Temple Road,Lakshmi Silk Weavers
2024-06-02,4687.63,Cotton Fabric,Temple Road,Lakshmi Silk Weavers
2023-12-06,689.21,Silk Sarees,Railway Colony,Lakshmi Silk Weavers
2023-09-12,4840.90,Silk Sarees,Bazaar Street,Lakshmi Silk Weavers
2023-12-10,3444.51,Silk Sarees,Mandapam Area,Lakshmi Silk Weavers
2023-07-23,3711.73,Embroidery Thread,Railway Colony,Lakshmi Silk Weavers
2024-09-20,3972.42,Silk Sarees,Mandapam Area,Lakshmi Silk Weavers
2024-03-23,4203.64,Embroidery Thread,Old City,Lakshmi Silk Weavers
2023-02-14,4831.08,Silk Sarees,Old City,Lakshmi Silk Weavers
2024-05-22,2239.16,Embroidery Thread,Bazaar Street,Lakshmi Silk Weavers
2024-10-10,1809.90,Handloom Towels,Bazaar Street,Lakshmi Silk Weavers
2023-07-24,4978.14,Embroidery Thread,Old City,Lakshmi Silk Weavers
2023-03-04,3705.65,Cotton Fabric,Mandapam Area,Lakshmi Silk Weavers
2023-08-06,5207.69,Handloom Towels,Railway Colony,Lakshmi Silk Weavers
2024-07-24,5029.01,Handloom Towels,Temple Road,Lakshmi Silk Weavers
2023-06-11,724.87,Cotton Fabric,Mandapam Area,Lakshmi Silk Weavers
2023-07-23,4644.07,Handloom Towels,Bazaar Street,Lakshmi Silk Weavers
2024-12-22,4592.32,Silk Sarees,Old City,Lakshmi Silk Weavers
2024-01-24,952.39,Embroidery Thread,Bazaar Street,Lakshmi Silk Weavers
2023-12-15,929.14,Handloom Towels,Railway Colony,Lakshmi Silk Weavers
2024-09-14,2348.67,Silk Sarees,Bazaar Street,Lakshmi Silk Weavers
2024-09-11,835.96,Embroidery Thread,Temple Road,Lakshmi Silk Weavers
2023-04-10,4209.83,Handloom Towels,Old City,Lakshmi Silk Weavers
2024-12-25,4706.83,Embroidery Thread,Temple Road,Lakshmi Silk Weavers
2024-04-12,5125.86,Silk Sarees,Old City,Lakshmi Silk Weavers
2023-09-09,2029.05,Cotton Fabric,Mandapam Area,Lakshmi Silk Weavers
2023-09-24,1804.30,Handloom Towels,Mandapam Area,Lakshmi Silk Weavers
2024-02-16,3553.96,Silk Sarees,Railway Colony,Lakshmi Silk Weavers
2023-06-04,3970.47,Handloom Towels,Railway Colony,Lakshmi Silk Weavers
2024-01-30,3437.06,Handloom Towels,Railway Colony,Lakshmi Silk Weavers
2024-11-20,2644.60,Silk Sarees,Old City,Lakshmi Silk Weavers
2024-10-22,2930.19,Cotton Fabric,Temple Road,Lakshmi Silk Weavers
2023-06-13,3688.10,Embroidery Thread,Bazaar Street,Lakshmi Silk Weavers
2024-09-03,2388.94,Handloom Towels,Mandapam Area,Lakshmi Silk Weavers
2024-04-12,3790.13,Cotton Fabric,Temple Road,Lakshmi Silk Weavers
2024-07-02,3796.52,Embroidery Thread,Old City,Lakshmi Silk Weavers
2023-06-27,4221.49,Silk Sarees,Old City,Lakshmi Silk Weavers
2024-09-29,5471.28,Embroidery Thread,Mandapam Area,Lakshmi Silk Weavers
2023-07-16,4382.66,Handloom Towels,Mandapam Area,Lakshmi Silk Weavers
2024-08-18,4809.36,Handloom Towels,Bazaar Street,Lakshmi Silk Weavers
2023-06-30,4441.55,Silk Sarees,Railway Colony,Lakshmi Silk Weavers
2023-09-25,1838.23,Embroidery Thread,Railway Colony,Lakshmi Silk Weavers
2024-10-05,1997.91,Handloom Towels,Railway Colony,Lakshmi Silk Weavers
2023-06-30,5266.64,Silk Sarees,Old City,Lakshmi Silk Weavers
2024-12-16,4553.78,Silk Sarees,Bazaar Street,Lakshmi Silk Weavers
2024-06-21,800.14,Cotton Fabric,Old City,Lakshmi Silk Weavers
2023-01-05,830.60,Cotton Fabric,Temple Road,Lakshmi Silk Weavers
2023-02-28,532.49,Embroidery Thread,Temple Road,Lakshmi Silk Weavers
2024-01-12,2644.02,Handloom Towels,Mandapam Area,Lakshmi Silk Weavers
2023-03-19,4920.86,Cotton Fabric,Bazaar Street,Lakshmi Silk Weavers
2024-01-22,1136.34,Silk Sarees,Temple Road,Lakshmi Silk Weavers
2023-06-29,5429.46,Embroidery Thread,Railway Colony,Lakshmi Silk Weavers
2024-12-06,555.25,Handloom Towels,Mandapam Area,Lakshmi Silk Weavers
2024-04-05,734.12,Embroidery Thread,Railway Colony,Lakshmi Silk Weavers
2023-08-24,1152.68,Silk Sarees,Railway Colony,Lakshmi Silk Weavers
2024-10-11,1616.61,Silk Sarees,Bazaar Street,Lakshmi Silk Weavers
2024-11-28,549.84,Handloom Towels,Temple Road,Lakshmi Silk Weavers
2023-11-24,1044.26,Handloom Towels,Bazaar Street,Lakshmi Silk Weavers
2023-09-15,4827.50,Cotton Fabric,Bazaar Street,Lakshmi Silk Weavers
2024-10-19,2955.59,Cotton Fabric,Bazaar Street,Lakshmi Silk Weavers
2023-09-15,1877.62,Handloom Towels,Mandapam Area,Lakshmi Silk Weavers
2023-06-30,1840.78,Cotton Fabric,Old City,Lakshmi Silk Weavers
2024-09-20,914.78,Silk Sarees,Mandapam Area,Lakshmi Silk Weavers
2023-11-16,4232.56,Cotton Fabric,Mandapam Area,Lakshmi Silk Weavers
2024-02-14,4989.25,Embroidery Thread,Old City,Lakshmi Silk Weavers
2023-07-10,1111.49,Embroidery Thread,Railway Colony,Lakshmi Silk Weavers
2023-08-09,3887.32,Cotton Fabric,Railway Colony,Lakshmi Silk Weavers
2024-05-18,3846.81,Cotton Fabric,Bazaar Street,Lakshmi Silk Weavers
2024-11-11,3213.42,Silk Sarees,Mandapam Area,Lakshmi Silk Weavers
2024-02-22,4348.35,Cotton Fabric,Railway Colony,Lakshmi Silk Weavers
2023-01-27,5316.54,Cotton Fabric,Old City,Lakshmi Silk Weavers
2024-08-12,4800.74,Silk Sarees,Mandapam Area,Lakshmi Silk Weavers
2024-01-02,2403.99,Cotton Fabric,Mandapam Area,Lakshmi Silk Weavers
2024-03-07,2656.17,Cotton Fabric,Temple Road,Lakshmi Silk Weavers
2023-04-09,1565.79,Silk Sarees,Mandapam Area,Lakshmi Silk Weavers
2024-03-27,2498.08,Silk Sarees,Mandapam Area,Lakshmi Silk Weavers
2024-04-25,4288.10,Embroidery Thread,Railway Colony,Lakshmi Silk Weavers
2024-12-30,1136.61,Handloom Towels,Temple Road,Lakshmi Silk Weavers
2023-02-10,2639.03,Silk Sarees,Temple Road,Lakshmi Silk Weavers
2023-10-29,2395.03,Handloom Towels,Old City,Lakshmi Silk Weavers
2024-06-17,3512.34,Handloom Towels,Railway Colony,Lakshmi Silk Weavers
2024-06-15,4297.87,Handloom Towels,Mandapam Area,Lakshmi Silk Weavers
2024-07-07,5060.24,Embroidery Thread,Mandapam Area,Lakshmi Silk Weavers
2024-10-23,3454.88,Silk Sarees,Old City,Lakshmi Silk Weavers
2023-04-13,1452.33,Silk Sarees,Railway Colony,Lakshmi Silk Weavers
2023-11-29,3814.89,Handloom Towels,Temple Road,Lakshmi Silk Weavers
2024-10-30,4446.06,Embroidery Thread,Bazaar Street,Lakshmi Silk Weavers
2024-04-25,2033.36,Handloom Towels,Temple Road,Lakshmi Silk Weavers
2024-06-06,4770.55,Handloom Towels,Railway Colony,Lakshmi Silk Weavers
2024-09-18,4739.91,Handloom Towels,Old City,Lakshmi Silk Weavers
2024-07-19,1900.39,Cotton Fabric,Bazaar Street,Lakshmi Silk Weavers
2024-06-09,3361.92,Cotton Fabric,Bazaar Street,Lakshmi Silk Weavers
2023-02-20,4518.25,Silk Sarees,Railway Colony,Lakshmi Silk Weavers
2023-09-14,5026.70,Embroidery Thread,Bazaar Street,Lakshmi Silk Weavers
2024-05-15,1795.06,Embroidery Thread,Temple Road,Lakshmi Silk Weavers
2024-05-23,4753.60,Handloom Towels,Railway Colony,Lakshmi Silk Weavers
2024-12-09,1402.75,Silk Sarees,Old City,Lakshmi Silk Weavers
2023-08-28,4348.88,Handloom Towels,Mandapam Area,Lakshmi Silk Weavers
2024-11-07,2432.36,Embroidery Thread,Temple Road,Lakshmi Silk Weavers
2023-04-04,5168.39,Embroidery Thread,Temple Road,Lakshmi Silk Weavers
2024-10-04,4856.77,Handloom Towels,Mandapam Area,Lakshmi Silk Weavers
2024-04-29,1126.78,Handloom Towels,Old City,Lakshmi Silk Weavers
2024-12-14,1397.28,Handloom Towels,Temple Road,Lakshmi Silk Weavers
2023-03-02,2466.47,Silk Sarees,Temple Road,Lakshmi Silk Weavers
2023-12-24,998.11,Handloom Towels,Old City,Lakshmi Silk Weavers
2023-12-07,3295.37,Silk Sarees,Old City,Lakshmi Silk Weavers
2024-10-05,4439.07,Handloom Towels,Bazaar Street,Lakshmi Silk Weavers
2023-08-12,2493.05,Silk Sarees,Railway Colony,Lakshmi Silk Weavers
2023-10-01,2682.76,Cotton Fabric,Temple Road,Lakshmi Silk Weavers
2024-06-11,3892.51,Handloom Towels,Temple Road,Lakshmi Silk Weavers
2024-12-29,5116.60,Embroidery Thread,Temple Road,Lakshmi Silk Weavers
2023-02-08,5385.36,Embroidery Thread,Bazaar Street,Lakshmi Silk Weavers
2024-07-19,3102.54,Silk Sarees,Temple Road,Lakshmi Silk Weavers
2023-10-18,837.48,Embroidery Thread,Railway Colony,Lakshmi Silk Weavers
2024-10-28,4305.21,Embroidery Thread,Railway Colony,Lakshmi Silk Weavers
2024-03-27,4927.81,Silk Sarees,Mandapam Area,Lakshmi Silk Weavers
2023-11-22,3814.66,Silk Sarees,Temple Road,Lakshmi Silk Weavers
2023-11-16,3179.07,Embroidery Thread,Mandapam Area,Lakshmi Silk Weavers
2024-11-18,5372.66,Cotton Fabric,Mandapam Area,Lakshmi Silk Weavers
2023-04-14,3890.90,Cotton Fabric,Railway Colony,Lakshmi Silk Weavers
2023-10-07,3271.48,Embroidery Thread,Mandapam Area,Lakshmi Silk Weavers
2023-11-09,1735.74,Embroidery Thread,Mandapam Area,Lakshmi Silk Weavers
2023-04-15,643.53,Silk Sarees,Temple Road,Lakshmi Silk Weavers
2024-06-10,3709.80,Cotton Fabric,Old City,Lakshmi Silk Weavers
2023-09-22,1863.14,Cotton Fabric,Mandapam Area,Lakshmi Silk Weavers
2024-09-19,2328.51,Silk Sarees,Old City,Lakshmi Silk Weavers
2023-11-15,1231.68,Silk Sarees,Bazaar Street,Lakshmi Silk Weavers
2024-07-05,2438.55,Silk Sarees,Temple Road,Lakshmi Silk Weavers
2023-11-05,3136.18,Embroidery Thread,Old City,Lakshmi Silk Weavers
2023-06-05,634.16,Embroidery Thread,Bazaar Street,Lakshmi Silk Weavers
2024-05-25,4246.63,Embroidery Thread,Mandapam Area,Lakshmi Silk Weavers
2023-09-01,4616.34,Embroidery Thread,Railway Colony,Lakshmi Silk Weavers
2023-01-04,4060.15,Handloom Towels,Old City,Lakshmi Silk Weavers
2023-03-31,4253.98,Silk Sarees,Bazaar Street,Lakshmi Silk Weavers
2024-08-19,709.30,Handloom Towels,Old City,Lakshmi Silk Weavers
2023-11-01,1625.80,Silk Sarees,Bazaar Street,Lakshmi Silk Weavers
2023-11-14,830.36,Cotton Fabric,Railway Colony,Lakshmi Silk Weavers
2023-05-13,2988.31,Silk Sarees,Railway Colony,Lakshmi Silk Weavers
2024-06-09,1525.30,Handloom Towels,Old City,Lakshmi Silk Weavers
2024-01-26,4096.82,Embroidery Thread,Temple Road,Lakshmi Silk Weavers
2024-03-11,4127.01,Cotton Fabric,Bazaar Street,Lakshmi Silk Weavers
2023-02-02,3529.43,Handloom Towels,Old City,Lakshmi Silk Weavers
2023-03-30,1646.50,Silk Sarees,Temple Road,Lakshmi Silk Weavers
2024-03-18,4359.40,Embroidery Thread,Bazaar Street,Lakshmi Silk Weavers
2024-09-05,4865.12,Silk Sarees,Bazaar Street,Lakshmi Silk Weavers
2023-08-25,3139.39,Cotton Fabric,Railway Colony,Lakshmi Silk Weavers
2023-11-22,3024.72,Cotton Fabric,Bazaar Street,Lakshmi Silk Weavers
2023-09-30,1676.25,Embroidery Thread,Temple Road,Lakshmi Silk Weavers
2024-07-09,3392.09,Embroidery Thread,Temple Road,Lakshmi Silk Weavers
2023-12-10,934.39,Embroidery Thread,Mandapam Area,Lakshmi Silk Weavers
2023-05-23,3869.97,Embroidery Thread,Railway Colony,Lakshmi Silk Weavers
2023-06-12,4011.92,Cotton Fabric,Railway Colony,Lakshmi Silk Weavers
2023-08-05,2682.67,Silk Sarees,Bazaar Street,Lakshmi Silk Weavers
2024-09-10,4725.19,Silk Sarees,Mandapam Area,Lakshmi Silk Weavers
2023-08-09,3287.51,Embroidery Thread,Old City,Lakshmi Silk Weavers
2024-08-01,1435.82,Cotton Fabric,Bazaar Street,Lakshmi Silk Weavers
2023-03-11,2688.14,Handloom Towels,Bazaar Street,Lakshmi Silk Weavers
2023-02-15,3881.00,Cotton Fabric,Old City,Lakshmi Silk Weavers
2024-01-04,2988.30,Cotton Fabric,Bazaar Street,Lakshmi Silk Weavers
2023-11-03,725.41,Cotton Fabric,Mandapam Area,Lakshmi Silk Weavers
2023-03-17,1634.64,Embroidery Thread,Bazaar Street,Lakshmi Silk Weavers
2024-07-14,3478.81,Handloom Towels,Railway Colony,Lakshmi Silk Weavers
2023-08-30,4973.92,Cotton Fabric,Railway Colony,Lakshmi Silk Weavers
2024-01-25,5393.07,Silk Sarees,Temple Road,Lakshmi Silk Weavers
2023-06-06,1338.05,Embroidery Thread,Mandapam Area,Lakshmi Silk Weavers
2023-08-06,1602.52,Silk Sarees,Bazaar Street,Lakshmi Silk Weavers
2024-08-21,5453.45,Handloom Towels,Temple Road,Lakshmi Silk Weavers
2023-10-04,2807.94,Embroidery Thread,Bazaar Street,Lakshmi Silk Weavers
2023-01-02,1874.08,Cotton Fabric,Old City,Lakshmi Silk Weavers
2024-05-23,2981.50,Silk Sarees,Mandapam Area,Lakshmi Silk Weavers
2023-09-03,5245.10,Cotton Fabric,Bazaar Street,Lakshmi Silk Weavers
2023-10-27,1142.67,Handloom Towels,Mandapam Area,Lakshmi Silk Weavers
2024-08-04,3170.77,Silk Sarees,Mandapam Area,Lakshmi Silk Weavers
2023-09-16,4742.84,Cotton Fabric,Temple Road,Lakshmi Silk Weavers
2023-02-23,3485.94,Embroidery Thread,Railway Colony,Lakshmi Silk Weavers
2023-01-23,1661.45,Handloom Towels,Mandapam Area,Lakshmi Silk Weavers
2023-02-14,2176.75,Embroidery Thread,Old City,Lakshmi Silk Weavers
2024-01-24,5023.43,Embroidery Thread,Mandapam Area,Lakshmi Silk Weavers
2023-10-14,2098.74,Handloom Towels,Temple Road,Lakshmi Silk Weavers
2024-09-30,5376.16,Silk Sarees,Mandapam Area,Lakshmi Silk Weavers
2024-11-04,2933.34,Embroidery Thread,Old City,Lakshmi Silk Weavers
2024-05-07,2527.23,Silk Sarees,Temple Road,Lakshmi Silk Weavers
2024-02-23,3310.25,Handloom Towels,Bazaar Street,Lakshmi Silk Weavers
2023-08-27,1186.62,Silk Sarees,Railway Colony,Lakshmi Silk Weavers
2023-05-07,5178.59,Embroidery Thread,Temple Road,Lakshmi Silk Weavers
2023-08-27,5303.23,Handloom Towels,Temple Road,Lakshmi Silk Weavers
2023-06-22,947.68,Embroidery Thread,Temple Road,Lakshmi Silk Weavers
2024-08-01,2962.48,Cotton Fabric,Mandapam Area,Lakshmi Silk Weavers
2023-06-29,2261.06,Handloom Towels,Bazaar Street,Lakshmi Silk Weavers
2024-06-03,4537.34,Embroidery Thread,Bazaar Street,Lakshmi Silk Weavers
2023-07-30,4046.66,Silk Sarees,Temple Road,Lakshmi Silk Weavers
2024-08-13,4530.24,Handloom Towels,Bazaar Street,Lakshmi Silk Weavers
2023-03-07,841.00,Embroidery Thread,Temple Road,Lakshmi Silk Weavers
2024-05-04,5256.34,Cotton Fabric,Old City,Lakshmi Silk Weavers
2023-01-27,4760.38,Embroidery Thread,Mandapam Area,Lakshmi Silk Weavers
2024-07-04,1412.68,Handloom Towels,Temple Road,Lakshmi Silk Weavers
2023-07-03,2350.24,Handloom Towels,Mandapam Area,Lakshmi Silk Weavers
2024-07-27,2697.92,Handloom Towels,Old City,Lakshmi Silk Weavers
2024-10-29,5158.10,Silk Sarees,Temple Road,Lakshmi Silk Weavers
2023-11-06,4821.30,Embroidery Thread,Bazaar Street,Lakshmi Silk Weavers
2024-07-19,568.96,Embroidery Thread,Temple Road,Lakshmi Silk Weavers
2024-04-15,4814.71,Handloom Towels,Bazaar Street,Lakshmi Silk Weavers
2023-12-30,2749.01,Handloom Towels,Mandapam Area,Lakshmi Silk Weavers
2024-01-10,4572.90,Embroidery Thread,Mandapam Area,Lakshmi Silk Weavers
2024-04-13,4651.32,Embroidery Thread,Railway Colony,Lakshmi Silk Weavers
2023-09-17,2129.93,Handloom Towels,Mandapam Area,Lakshmi Silk Weavers
2023-01-29,3419.51,Cotton Fabric,Railway Colony,Lakshmi Silk Weavers
2024-07-17,3318.70,Silk Sarees,Temple Road,Lakshmi Silk Weavers
2024-11-28,1152.84,Cotton Fabric,Mandapam Area,Lakshmi Silk Weavers
2023-05-10,3878.24,Embroidery Thread,Bazaar Street,Lakshmi Silk Weavers
2023-02-06,1523.97,Embroidery Thread,Bazaar Street,Lakshmi Silk Weavers
2024-08-20,1384.22,Embroidery Thread,Mandapam Area,Lakshmi Silk Weavers
2023-07-05,1686.39,Cotton Fabric,Mandapam Area,Lakshmi Silk Weavers
2024-01-19,679.49,Handloom Towels,Bazaar Street,Lakshmi Silk Weavers
2024-06-07,2117.67,Handloom Towels,Old City,Lakshmi Silk Weavers
2024-08-26,1788.03,Silk Sarees,Temple Road,Lakshmi Silk Weavers
2024-04-14,1295.17,Embroidery Thread,Old City,Lakshmi Silk Weavers
2024-07-25,5205.93,Handloom Towels,Mandapam Area,Lakshmi Silk Weavers
2024-12-23,4110.57,Handloom Towels,Temple Road,Lakshmi Silk Weavers
2023-03-25,4556.60,Cotton Fabric,Bazaar Street,Lakshmi Silk Weavers
2024-10-14,2834.33,Cotton Fabric,Bazaar Street,Lakshmi Silk Weavers
2023-03-30,1670.60,Cotton Fabric,Bazaar Street,Lakshmi Silk Weavers
2023-03-27,1432.56,Silk Sarees,Bazaar Street,Lakshmi Silk Weavers
2024-07-12,1733.02,Handloom Towels,Railway Colony,Lakshmi Silk Weavers
2023-04-21,1171.25,Cotton Fabric,Old City,Lakshmi Silk Weavers
2023-06-04,1302.04,Handloom Towels,Bazaar Street,Lakshmi Silk Weavers
2023-04-25,4662.56,Silk Sarees,Mandapam Area,Lakshmi Silk Weavers
2024-05-06,2618.73,Embroidery Thread,Bazaar Street,Lakshmi Silk Weavers
2024-07-13,706.08,Handloom Towels,Railway Colony,Lakshmi Silk Weavers
2024-12-30,696.85,Embroidery Thread,Bazaar Street,Lakshmi Silk Weavers
2023-05-02,3795.39,Embroidery Thread,Old City,Lakshmi Silk Weavers
2023-03-22,3973.15,Embroidery Thread,Railway Colony,Lakshmi Silk Weavers
2024-07-12,2307.98,Embroidery Thread,Mandapam Area,Lakshmi Silk Weavers
2023-02-05,672.48,Silk Sarees,Railway Colony,Lakshmi Silk Weavers
2024-05-04,1555.78,Silk Sarees,Old City,Lakshmi Silk Weavers
2023-03-01,2591.35,Handloom Towels,Old City,Lakshmi Silk Weavers
2023-09-20,4109.66,Handloom Towels,Old City,Lakshmi Silk Weavers
2023-07-01,993.51,Cotton Fabric,Railway Colony,Lakshmi Silk Weavers
2023-08-27,2456.81,Handloom Towels,Temple Road,Lakshmi Silk Weavers
2024-01-12,3391.98,Cotton Fabric,Mandapam Area,Lakshmi Silk Weavers
2024-05-30,4628.07,Embroidery Thread,Old City,Lakshmi Silk Weavers
2024-12-08,5163.49,Silk Sarees,Old City,Lakshmi Silk Weavers
2024-07-23,3820.25,Embroidery Thread,Mandapam Area,Lakshmi Silk Weavers
2024-07-26,1984.08,Handloom Towels,Old City,Lakshmi Silk Weavers
2023-03-13,611.84,Silk Sarees,Old City,Lakshmi Silk Weavers
2024-06-20,4713.96,Silk Sarees,Railway Colony,Lakshmi Silk Weavers
2023-06-16,3710.16,Silk Sarees,Mandapam Area,Lakshmi Silk Weavers
2023-01-21,2672.13,Silk Sarees,Mandapam Area,Lakshmi Silk Weavers
2023-06-12,3885.63,Silk Sarees,Mandapam Area,Lakshmi Silk Weavers
2024-11-09,2386.32,Silk Sarees,Railway Colony,Lakshmi Silk Weavers
2023-04-12,5063.06,Embroidery Thread,Old City,Lakshmi Silk Weavers
2023-02-20,3039.52,Silk Sarees,Mandapam Area,Lakshmi Silk Weavers
2023-09-15,4219.30,Handloom Towels,Temple Road,Lakshmi Silk Weavers
2024-01-17,885.39,Silk Sarees,Temple Road,Lakshmi Silk Weavers
2023-03-03,4351.76,Silk Sarees,Railway Colony,Lakshmi Silk Weavers
2024-06-06,4921.47,Silk Sarees,Mandapam Area,Lakshmi Silk Weavers
2024-01-15,1176.76,Handloom Towels,Bazaar Street,Lakshmi Silk Weavers
2023-03-31,4250.90,Handloom Towels,Bazaar Street,Lakshmi Silk Weavers
2024-10-30,3719.29,Handloom Towels,Temple Road,Lakshmi Silk Weavers
2024-06-05,3540.75,Cotton Fabric,Bazaar Street,Lakshmi Silk Weavers
2024-01-02,1458.78,Embroidery Thread,Temple Road,Lakshmi Silk Weavers
2023-09-07,3282.23,Handloom Towels,Bazaar Street,Lakshmi Silk Weavers
2023-06-15,4144.48,Cotton Fabric,Railway Colony,Lakshmi Silk Weavers
2024-10-16,4305.40,Handloom Towels,Old City,Lakshmi Silk Weavers
2023-05-14,4380.34,Embroidery Thread,Temple Road,Lakshmi Silk Weavers
2023-10-01,3965.51,Cotton Fabric,Railway Colony,Lakshmi Silk Weavers
2023-12-22,3225.77,Cotton Fabric,Bazaar Street,Lakshmi Silk Weavers
2023-06-05,3920.11,Silk Sarees,Mandapam Area,Lakshmi Silk Weavers
2023-04-28,4827.58,Handloom Towels,Old City,Lakshmi Silk Weavers
2023-02-15,2163.66,Embroidery Thread,Bazaar Street,Lakshmi Silk Weavers
2023-05-12,2203.31,Handloom Towels,Railway Colony,Lakshmi Silk Weavers
2024-03-08,5297.02,Handloom Towels,Railway Colony,Lakshmi Silk Weavers
2024-07-10,5174.04,Handloom Towels,Old City,Lakshmi Silk Weavers
2023-07-29,5367.26,Cotton Fabric,Mandapam Area,Lakshmi Silk Weavers
2024-08-08,1564.53,Cotton Fabric,Mandapam Area,Lakshmi Silk Weavers
2024-02-08,3830.93,Embroidery Thread,Bazaar Street,Lakshmi Silk Weavers
2024-01-05,2266.10,Embroidery Thread,Mandapam Area,Lakshmi Silk Weavers
2023-11-22,4140.43,Cotton Fabric,Mandapam Area,Lakshmi Silk Weavers
2024-03-12,830.37,Embroidery Thread,Railway Colony,Lakshmi Silk Weavers
2024-03-25,4390.11,Handloom Towels,Bazaar Street,Lakshmi Silk Weavers
2024-07-27,711.49,Cotton Fabric,Mandapam Area,Lakshmi Silk Weavers
2023-03-29,1358.06,Cotton Fabric,Old City,Lakshmi Silk Weavers
2024-02-27,1516.81,Embroidery Thread,Mandapam Area,Lakshmi Silk Weavers
2024-06-26,581.20,Handloom Towels,Bazaar Street,Lakshmi Silk Weavers
2024-07-22,628.69,Silk Sarees,Old City,Lakshmi Silk Weavers
2023-09-20,1657.70,Silk Sarees,Temple Road,Lakshmi Silk Weavers
2024-04-08,2799.75,Handloom Towels,Mandapam Area,Lakshmi Silk Weavers
2024-03-07,5425.35,Silk Sarees,Bazaar Street,Lakshmi Silk Weavers
2023-03-21,3368.58,Handloom Towels,Old City,Lakshmi Silk Weavers
2024-10-05,3164.12,Silk Sarees,Railway Colony,Lakshmi Silk Weavers
2024-07-31,4000.73,Silk Sarees,Mandapam Area,Lakshmi Silk Weavers
2023-06-09,3593.73,Embroidery Thread,Temple Road,Lakshmi Silk Weavers
2024-09-08,1636.75,Silk Sarees,Old City,Lakshmi Silk Weavers
2024-08-09,1110.08,Embroidery Thread,Old City,Lakshmi Silk Weavers
2023-11-03,2539.41,Handloom Towels,Temple Road,Lakshmi Silk Weavers
2023-09-29,5081.64,Silk Sarees,Railway Colony,Lakshmi Silk Weavers
2023-04-27,3450.79,Embroidery Thread,Mandapam Area,Lakshmi Silk Weavers
2023-01-06,1065.04,Handloom Towels,Temple Road,Lakshmi Silk Weavers
2023-07-31,950.23,Silk Sarees,Bazaar Street,Lakshmi Silk Weavers
2024-12-14,1367.06,Silk Sarees,Old City,Lakshmi Silk Weavers
2023-04-02,3077.41,Embroidery Thread,Mandapam Area,Lakshmi Silk Weavers
2024-06-30,5287.75,Embroidery Thread,Mandapam Area,Lakshmi Silk Weavers
2023-01-31,3301.20,Embroidery Thread,Mandapam Area,Lakshmi Silk Weavers
2024-04-16,2777.00,Embroidery Thread,Temple Road,Lakshmi Silk Weavers
2023-09-26,5104.40,Silk Sarees,Temple Road,Lakshmi Silk Weavers
2024-04-26,2677.90,Silk Sarees,Temple Road,Lakshmi Silk Weavers
2024-06-23,4811.19,Embroidery Thread,Temple Road,Lakshmi Silk Weavers
